nome_da_nota,ultima_modificacao,data_da_nota,tags,quantidade_de_palavras
"Remove e retorna o √∫ltimo item, neste caso, 4",2024-11-13 19:18:02,2024-11-13,[],108
Discretiza√ß√£o,2024-10-23 22:38:25,2024-10-23,[],28
T√©cnicas,2024-12-03 20:17:55,2024-12-03,[],158
Indu√ß√£o,2024-10-29 00:40:58,2024-10-29,[],132
o'clock,2024-11-22 19:12:45,2024-11-22,[],26
quantidade de palavras,2024-11-28 21:44:47,N/A,[],592
Sem t√≠tulo,2024-11-22 18:12:19,N/A,[],0
Tripleten,2024-10-29 22:06:49,2024-10-29,[],97
vxcvx.gif,2024-12-10 15:36:49,N/A,[],0
A√ß√µes,2024-07-17 01:04:31,N/A,[],0
Terrawwwwwww,2024-07-15 01:06:40,N/A,[],0
Terrawwwwwwwwwww,2024-07-15 01:07:32,N/A,[],0
Terrawwwwwwwwwwww2w22wwwwwww,2024-07-15 01:05:14,N/A,[],0
Terrawwwwwwwwwwwww,2024-07-15 01:08:00,N/A,[],0
Terrawwwwwwwwwwwwwww,2024-07-15 01:08:33,N/A,[],0
importnate,2024-12-03 23:22:41,N/A,[],298
Organiza√ß√£o da organiza√ß√£o,2024-10-18 17:26:56,N/A,[],17
O voto n√£o √© o que voc√™ pensa.,2024-09-19 18:52:16,N/A,[],2732
300 palavras basicas,2024-12-06 23:40:21,N/A,[],3738
exten√ß√µes,2024-11-28 19:55:21,N/A,[],33
palavras,2024-11-19 19:52:27,2024-11-19,[],112
verbo presente,2024-11-26 17:51:32,N/A,[],206
Gr√°fico,2024-11-15 21:16:00,2024-11-15,[],5
conceitos,2024-12-12 22:59:18,2024-11-15,[],120
doctest: +ELLIPSIS,2024-11-19 21:32:56,N/A,[],4296
01,2024-12-08 23:57:27,2024-12-08,[],179
"<font color=""#d83931"">A</font> <font color=""#00b050"">B C D</font> <font color=""#d83931"">E</font> <font color=""#00b0f0"">F</font> <font color=""#00b050"">G</font> <font color=""#5f497a"">H</font> <font color=""#d83931"">I</font> <font color=""#5f497a"">J K</font> <font color=""#00b0f0"">L M N</font> <font color=""#d83931"">O</font> <font color=""#00b050"">P</font> <font color=""#5f497a"">Q R</font> <font color=""#00b0f0"">S</font> <font color=""#00b050"">T</font> <font color=""#d83931"">U</font> <font color=""#00b050"">V</font> <font color=""#5f497a"">W X Y</font> <font color=""#00b050"">Z</font>",2024-11-15 18:20:42,2024-04-28,[],290
Articles,2024-11-27 01:13:28,2024-11-27,[],7
Fon√©tica das palavras com ch,2024-11-17 22:38:59,2024-04-28,[],62
in,2024-11-22 18:08:06,2024-11-20,[],75
in,2024-11-22 19:21:47,2024-11-20,[],259
Noun,2024-11-27 01:12:12,N/A,[],1
Object of the sentence,2024-11-26 18:43:35,2024-11-26,[],84
Phonetics,2024-11-27 01:13:29,N/A,[],0
dentro > in/inside,2024-12-18 00:40:09,2024-11-21,[],202
Personal (pronome pessoal),2024-11-26 20:03:06,2024-11-26,[],170
Sem t√≠tulo,2024-11-26 18:29:06,N/A,[],0
to be,2024-11-18 17:57:17,2024-11-18,[],198
Tabela de Cores em Ingl√™s,2024-12-01 23:38:35,2024-12-01,[],438
Days of the week,2024-12-01 23:44:45,2024-12-01,[],48
evening,2024-11-22 19:04:14,2024-11-22,[],46
Meses do Ano e Esta√ß√µes no Brasil,2024-12-02 00:22:34,2024-12-01,[],161
noon,2024-11-22 18:15:52,2024-11-22,[],11
estudo,2024-12-08 23:47:27,2024-12-03,[],268
N√£o sei,2024-12-29 00:35:28,2024-11-29,[],17
Conjunto dos N√∫meros Inteiros (Z),2023-09-29 23:31:25,N/A,[],162
Propriedade de fechamento,2023-10-03 10:31:33,N/A,[],91
Conjunto dos N√∫meros Racionais (Q),2023-09-29 23:45:07,N/A,[],182
Subconjuntos dos N√∫meros Reais,2023-09-29 23:34:58,N/A,[],162
Subconjuntos dos N√∫meros Naturais,2023-09-29 23:31:16,N/A,[],130
Conjuntos num√©ricos,2024-04-21 22:40:53,N/A,[],51
Sem t√≠tulo,2024-10-25 00:13:56,N/A,[],54
Fundamentos da matem√°tica elementar V1,2024-11-09 17:58:22,N/A,[],17
Nega√ß√£o(~),2024-10-25 00:53:34,2024-10-25,[],43
Proposi√ß√£o composta ‚Äì Conectivos ,2024-11-09 18:15:36,2024-11-09,[],50
Proposi√ß√£o,2024-10-25 00:44:52,2024-10-25,[],188
Vari√°veis,2024-11-11 21:14:26,2024-11-11,[],40
Algoritmos de memoriza√ß√£o,2024-08-17 19:36:45,2024-08-17,[],10
Utilidades,2024-04-24 19:28:59,2024-04-24,[],34
Tecnologias,2024-08-22 22:47:54,2024-08-21,[],83
Hidro-semeadura,2024-04-20 22:27:36,N/A,[],0
Leitura do Coruja,2024-04-30 00:44:42,2024-04-30,[],34
Major System,2024-08-17 19:57:31,2024-08-17,[],171
Pal√°cio da mem√≥ria,2024-08-17 19:50:54,2024-08-17,[],137
RGB,2024-04-09 11:22:35,2024-04-09,[],45
Plano inicial,2024-05-23 01:42:19,2024-05-23,[],45
Macronutriente,2024-06-30 18:45:36,2024-06-24,[],111
LTHR ,2024-06-24 00:57:01,2024-06-22,[],180
Perguntas Abertas,2023-11-03 11:38:07,N/A,[],33
corrente,2024-04-25 01:01:47,2024-04-25,[],26
Current sink,2024-05-25 21:00:23,2024-05-25,[],19
Current source,2024-05-25 21:00:33,2024-05-25,[],19
sites,2024-04-19 23:40:16,N/A,[],59
Kirchhoff,2024-04-14 22:17:50,2024-04-14,[],27
lei de kirchhoff das tens√µes,2024-04-18 12:03:35,2024-04-14,[],29
lei de ohm,2024-04-14 21:41:23,2024-04-07,[],16
B√°sico,2024-05-29 23:44:56,N/A,[],85
ohms,2024-04-16 00:31:58,2024-04-16,[],31
Resistor de pull up,2024-05-27 21:27:00,2024-05-27,[],31
resistores padr√µes de mercado,2024-04-14 20:42:51,2024-04-08,[],242
Resist√™ncia,2024-04-18 12:09:30,2024-04-16,[],33
ten√ß√£o,2024-04-25 00:50:38,2024-04-16,[],92
TRI-STATE,2024-05-25 20:51:45,2024-05-25,[],58
Datasheet,2024-06-09 00:05:33,2024-04-28,[],150
C√≥digo,2024-06-08 21:58:01,2024-04-28,[],187
[[Datasheet]],2024-05-25 20:03:52,2024-04-28,[],378
Datasheet,2024-05-27 21:36:13,2024-04-28,[],234
INTRODU√á√ÉO PIC16F84A Curso de PIC,2024-05-25 20:59:58,2024-04-28,[],143
Indutores,2024-04-22 00:09:49,2024-04-17,[],145
Capacitor,2024-04-18 12:12:52,2024-04-17,[],120
Chaves com mem√≥ria,2024-05-03 22:12:01,2024-05-03,[],41
Chaves Moment√¢neas,2024-05-03 22:05:09,2024-05-03,[],33
Chaves,2024-05-03 22:11:04,2024-05-03,[],49
componente,2024-07-15 01:09:02,2024-04-16,[],63
Diodo,2024-05-03 21:40:00,2024-04-27,[],185
EEPROM,2024-05-27 20:20:37,2024-05-25,[],36
LED,2024-04-14 21:38:41,2024-04-09,[],20
Mem√≥ria,2024-05-27 20:17:49,2024-05-27,[],44
Resistor,2024-05-08 00:19:33,2024-04-14,[],79
tipos de sensores,2024-05-09 01:08:36,2024-05-08,[],114
Cores de carretel ,2024-04-18 12:06:34,2024-04-16,[],101
Terra,2024-04-25 00:52:00,2024-04-25,[],53
Transistor,2024-05-03 23:43:12,2024-04-30,[],102
Comandos,2024-05-15 20:41:41,2024-05-15,[],28
Pick devices,2024-05-27 21:39:21,2024-05-15,[],40
Quais consigo fazer.,2024-08-05 02:19:45,2024-08-04,[],30
Quais vou fazer,2024-08-27 20:34:35,2024-08-27,[],11
projetos uteis. ,2024-05-07 21:10:47,2024-05-07,[],28
Papel alum√≠nio,2024-05-07 23:53:41,2024-05-07,[],68
PVC,2024-05-07 21:02:29,2024-05-07,[],48
Super cola,2024-05-07 21:07:49,2024-05-07,[],31
Coisas a fazer,2024-07-12 21:53:08,N/A,[],23
Alongamentos Din√¢micos:,2024-09-05 18:05:24,2024-08-17,[],281
Vida 1,2024-08-08 20:13:06,N/A,[],0
[[Ox√≠tonas]],2024-09-21 23:16:08,N/A,[],237
Adjetivo,2023-11-02 10:40:21,N/A,[],3
Tudo vira substantivo.,2023-11-02 10:34:00,N/A,[],134
Classe de palavras,2023-10-25 19:02:03,N/A,[],37
Classifica√ß√£o das consoantes,2023-10-06 10:40:36,N/A,[],35
Classifica√ß√£o das vogais,2023-09-28 23:15:23,N/A,[],34
Composi√ß√£o,2023-10-17 10:31:09,N/A,[],95
Diss√≠laba,2023-10-21 11:41:20,N/A,[],19
Ditongo,2023-10-02 10:17:31,N/A,[],99
dupla pros√≥dia,2023-10-01 20:02:34,N/A,[],110
D√≠grafo,2023-09-28 10:21:00,N/A,[],30
D√≠grafos consonantais,2023-09-28 10:29:25,N/A,[],63
D√≠grafos voc√°licos,2023-09-28 10:20:54,N/A,[],52
Emprego do E,2023-10-14 10:48:52,N/A,[],105
Emprego do G,2023-10-14 10:29:02,N/A,[],95
Emprego do H,2024-04-24 00:35:46,N/A,[],243
Emprego do H√≠fen,2023-10-17 10:07:02,N/A,[],3
Emprego do I,2023-10-14 11:16:16,N/A,[],110
Emprego do J,2023-10-13 10:51:42,N/A,[],106
Nas seguintes correla√ß√µes:,2024-04-24 00:35:46,N/A,[],308
Emprego do SC,2024-04-24 00:35:46,N/A,[],179
Emprego do SS,2023-10-12 11:20:41,N/A,[],161
Emprego do X ou CH,2023-10-16 20:36:45,N/A,[],197
Emprego do XC,2023-10-17 09:46:12,N/A,[],68
Emprego do Z,2023-10-12 11:10:33,N/A,[],230
Emprego do √á,2023-10-12 11:31:07,N/A,[],133
Os encontros consonantais podem ser: ,2023-10-06 11:06:56,N/A,[],186
Encontros voc√°licos,2023-10-02 10:29:11,N/A,[],24
Fonemas consonantais,2023-09-28 10:42:40,N/A,[],76
Fonemas voc√°licos,2023-09-28 10:35:47,N/A,[],46
fonemas,2023-09-28 10:49:01,N/A,[],43
Fonologia,2023-09-28 10:20:51,N/A,[],10
Formas variante,2023-10-17 09:48:28,N/A,[],90
Processos de forma√ß√£o das palavras,2024-05-05 00:17:41,N/A,[],114
Hiato,2023-10-06 23:27:43,N/A,[],23
Hom√¥nimos,2023-10-17 09:57:26,N/A,[],242
Exemplo,2023-10-25 19:18:25,N/A,[],204
Monoss√≠laba,2023-10-01 22:46:51,N/A,[],26
Nasal,2023-10-02 10:01:00,N/A,[],49
Oral,2023-10-02 09:59:47,N/A,[],28
Mesmo fonema representado por letras diferentes,2023-10-17 10:02:09,N/A,[],341
Orto√©pia,2024-12-04 21:40:07,N/A,[],47
Ox√≠tonas,2023-09-30 10:54:54,N/A,[],23
Palavras de uma mesma fam√≠lia,2023-10-14 11:18:11,N/A,[],70
Palavras derivadas,2023-10-14 10:03:32,N/A,[],0
Parox√≠tonas,2023-09-30 10:48:05,N/A,[],22
Par√¥nimos,2023-10-17 09:55:27,N/A,[],290
Poliss√≠laba,2023-09-28 23:45:04,N/A,[],28
prefixo,2023-10-14 10:48:55,N/A,[],0
Primeira leitura,2023-10-25 17:45:00,N/A,[],16
Proparox√≠tonas,2023-09-30 10:48:17,N/A,[],24
Pros√≥dia,2023-10-01 20:11:54,N/A,[],178
Quanto ao papel,2023-09-28 23:18:20,N/A,[],62
Quanto ao timbre,2023-09-28 23:14:45,N/A,[],54
Quanto √† intensidade,2023-09-28 23:21:16,N/A,[],33
Quanto √† zona de articula√ß√£o,2023-09-28 23:11:30,N/A,[],54
Segunda leitura,2023-10-25 17:52:44,N/A,[],20
Semivogal,2023-10-02 09:56:41,N/A,[],40
silabada,2023-10-01 19:47:27,N/A,[],18
Como encontrar o substantivo,2023-11-02 10:17:51,N/A,[],87
Quanto a posi√ß√£o da s√≠laba t√¥nica.,2023-10-07 10:08:35,N/A,[],117
S√≠laba,2023-09-30 10:19:18,N/A,[],82
Translinea√ß√£o,2023-10-06 10:47:09,N/A,[],578
Triss√≠laba,2023-09-28 23:44:14,N/A,[],21
Tritongo,2023-10-02 10:28:10,N/A,[],84
T√¥nicos,2023-10-01 22:53:04,N/A,[],24
√Åtonos,2023-10-01 22:50:47,N/A,[],25
Nicho de atua√ß√£o,2024-12-02 21:00:47,2024-12-02,[],9
minera√ß√£o de dado,2024-10-01 19:09:14,2024-10-01,[],55
Reds,2024-08-24 00:29:46,2024-08-24,[],9
Passos,2024-08-31 01:17:01,2024-08-05,[],86
An√°lise inicial do DF,2024-12-21 19:43:52,2024-12-21,[],35
churn,2024-11-11 21:35:40,2024-11-11,[],42
Math da coisa  ,2024-12-18 00:36:32,2024-12-18,[],257
Engenharia de caracter√≠sticas,2024-12-28 15:51:57,2024-12-27,[],36
Import√¢ncia do grafico,2024-12-05 18:58:41,2024-12-05,[],40
Outliers,2024-12-21 19:36:55,2024-12-21,[],26
Rotatividade,2024-11-11 21:23:20,2024-11-11,[],27
Sem t√≠tulo,2024-11-11 21:17:58,N/A,[],0
Avaliar f√≥rmula,2024-09-12 00:17:13,2024-09-06,[],18
DADADIF,2024-08-25 23:37:47,2024-08-25,[],95
F4,2024-11-04 16:43:18,2024-11-04,[],63
"?/?""**)|Fra√ß√£o, como 4 1/3|",2024-09-12 00:16:39,2024-09-06,[],160
Fun√ß√£o.excel,2024-09-12 00:13:49,2024-08-25,[],338
hlookup,2024-08-25 23:36:37,N/A,[],0
Operador,2024-09-07 21:02:06,2024-08-25,[],62
SEERRO,2024-09-12 00:22:57,2024-09-06,[],59
Tabelas din√¢micas,2024-09-12 00:17:09,2024-09-07,[],13
Vari√°veis no excel,2024-09-12 00:17:05,2024-09-06,[],29
vlookup,2024-08-25 23:36:28,N/A,[],0
Acercamento,2024-09-12 16:09:15,2024-09-12,[],42
Barras horizontais empilhadas,2024-09-12 00:18:21,2024-09-11,[],18
Barras horizontais,2024-09-12 00:18:14,2024-09-11,[],22
Barras verticais empilhadas,2024-09-12 00:18:03,2024-09-10,[],59
Barras verticais,2024-09-12 00:17:57,2024-09-10,[],25
pontos importantes ,2024-09-12 00:17:49,2024-09-10,[],227
Causa e efeito,2024-12-17 20:38:20,2024-12-17,[],91
Conex√£o,2024-09-12 16:16:50,2024-09-12,[],59
Continuidade,2024-09-12 16:14:45,2024-09-12,[],54
T√≠tulos,2024-12-17 20:38:10,2024-12-17,[],105
Carga de gr√°ficos,2024-09-21 19:30:02,2024-09-13,[],307
Fechamento,2024-09-12 16:13:07,2024-09-12,[],61
Gr√°fico de cascata,2024-09-12 00:18:08,2024-09-10,[],33
Gr√°fico de dispers√£o,2024-09-07 17:49:50,2024-09-07,[],72
Gr√°fico de inclina√ßao,2024-09-29 19:19:52,2024-09-29,[],17
Gr√°fico de inclina√ß√£o,2024-09-12 00:16:12,2024-09-10,[],105
Gr√°fico de linhas,2024-09-12 00:16:06,2024-09-10,[],29
Gr√°fico de √Årea,2024-09-11 18:18:18,2024-09-11,[],36
Gr√°ficos de dispers√£o,2024-12-18 19:34:52,2024-12-18,[],112
Gr√°ficos ruins,2024-12-17 21:00:36,2024-12-17,[],40
[[Matrizes de dispers√£o|Matriz]] de histograma,2024-12-20 19:28:58,2024-12-18,[],92
Linhas,2024-09-12 00:16:03,2024-09-07,[],13
Mapa de calor,2024-09-07 17:42:25,2024-09-07,[],41
Matrizes de dispers√£o,2024-12-18 23:37:14,2024-12-18,[],151
Pontos,2024-09-12 00:15:58,2024-09-07,[],11
Princ√≠pios da Gestalt,2024-09-12 17:53:47,2024-09-12,[],44
Proximidade,2024-09-12 16:06:07,2024-09-12,[],54
Similaridade,2024-09-12 16:07:30,2024-09-12,[],36
Sites,2024-09-30 15:31:31,2024-09-29,[],57
Tabela,2024-09-12 00:23:19,2024-09-07,[],66
Texto simples,2024-09-07 17:17:35,2024-09-07,[],61
Uso de anima√ß√£o nos visuais apresentados,2024-09-26 16:29:10,2024-09-26,[],34
O que deve ter nos posts,2024-12-06 20:46:00,2024-12-06,[],281
linkedin,2024-09-04 01:10:30,2024-08-31,[],58
Apresenta√ß√£o Pessoal,2024-09-21 23:33:01,2024-09-21,[],217
perguntas,2024-10-16 00:05:31,N/A,[],224
An√°lise de Dados:,2024-10-16 00:49:25,N/A,[],466
Torne-se parceiro do contato,2024-09-18 22:55:13,2024-09-18,[],65
Big Data 2.0,2024-10-02 16:07:41,2024-10-02,[],51
Big Data vx minera√ß√£o de dados,2024-10-02 15:42:47,2024-10-02,[],49
"Relacionando Cap√≠tulos de ""Storytelling com Dados"" e ""Data Science para Neg√≥cios""",2024-10-04 17:58:33,N/A,[],1544
M√©todos Supervisionados vx N√£o Supervisionados,2024-10-07 17:49:42,2024-10-07,[],132
Porque n√£o √© manual mas,2024-10-05 20:48:20,2024-10-05,[],110
Publico,2024-10-05 20:38:38,2024-10-05,[],25
Coisas a fazer,2024-09-25 18:30:35,2024-09-24,[],370
"L√≥gica horizontal[[Storytelling com dados.pdf#page=180&selection=11,0,11,17|(...)]]",2024-09-25 19:00:43,2024-09-25,[],167
Web 1.0,2024-10-02 16:04:32,2024-10-02,[],72
Gloss√°rio (data science para negocios),2024-10-29 00:25:31,2024-10-28,[],358
Case Real de Dados,2024-10-22 01:58:35,2024-10-22,[],432
Perceptron e Aprendizado Supervisionado,2024-10-08 23:56:05,2024-10-08,[],667
Problemas b√°sicos,2024-10-04 00:08:26,2024-10-04,[],490
1. Segmenta√ß√£o,2024-10-04 00:46:14,2024-10-04,[],1102
Cadeias de [[Markov]]:,2024-10-01 22:51:35,2024-10-01,[],383
POO a abstra√ß√£o se manifesta em:,2024-08-10 23:20:49,2024-08-10,[],74
"Sa√≠da: (2, 3)",2024-11-14 22:01:16,2024-08-10,[],58
Exemplos,2024-08-10 22:25:59,2024-08-10,[],104
Caracter√≠sticas principais de construtores:,2024-10-13 00:26:12,2024-08-12,[],129
Exemplo:,2024-08-10 21:17:09,2024-08-10,[],64
M√©todos,2024-08-16 00:18:33,2024-08-15,[],19
Objetos,2024-08-10 21:19:04,2024-08-10,[],16
Exemplos,2024-08-13 23:40:57,2024-08-13,[],63
Programa√ß√£o Orientada a Objetos (POO),2024-08-16 00:26:05,2024-08-10,[],308
Passo 1: **Entendimento do Problema e Defini√ß√£o de Objetivos**,2024-10-27 20:40:54,N/A,[],469
Atributo,2024-11-15 21:24:12,2024-11-14,[],31
Como funciona a composi√ß√£o?,2024-08-13 22:50:23,2024-08-13,[],130
Instru√ß√£o,2024-11-13 19:24:46,2024-11-13,[],51
M√©todo,2024-11-13 19:25:11,2024-11-13,[],102
Instancias igualadas,2024-08-12 20:55:24,2024-08-12,[],148
Solicita ao usu√°rio o valor em reais que ele possui,2024-08-07 14:49:38,2024-08-06,[],107
Define a fun√ß√£o sorteando() que recebe uma lista como argumento,2024-08-08 19:29:39,2024-08-06,[],275
Importa a biblioteca 'date' para trabalhar com datas,2024-08-08 19:30:57,2024-08-06,[],212
Inicializa o fatorial com 1,2024-08-08 19:33:00,2024-08-06,[],208
"Verifica se a entrada de gols √© um n√∫mero. Se n√£o for, define como 0.",2024-08-08 19:34:32,2024-08-06,[],191
"Define a fun√ß√£o leia_int, que recebe uma string como argumento (mensagem para o usu√°rio)",2024-08-08 19:36:43,2024-08-06,[],179
Cria um dicion√°rio vazio para armazenar as informa√ß√µes.,2024-08-08 19:38:40,2024-08-06,[],292
Define as cores para o terminal,2024-08-08 19:51:51,2024-08-06,[],233
Aula (11),2024-08-07 14:51:26,2024-08-06,[],46
1. Solicita ao usu√°rio o valor do produto.,2024-08-07 14:55:45,2024-08-06,[],81
Solicita ao usu√°rio que digite o sal√°rio atual,2024-08-07 14:57:31,2024-08-06,[],68
Solicita ao usu√°rio que insira a temperatura em graus Celsius,2024-08-07 14:58:54,2024-08-06,[],61
Este programa calcula o pre√ßo a pagar pelo aluguel de um carro.,2024-08-07 15:00:30,2024-08-06,[],183
Importar a fun√ß√£o trunc da biblioteca matem√°tica,2024-08-07 15:02:19,2024-08-06,[],108
Importa a biblioteca matem√°tica para utilizar a fun√ß√£o hypot(),2024-08-07 15:14:36,2024-08-06,[],92
"Importa a biblioteca matem√°tica do Python, que fornece fun√ß√µes matem√°ticas como seno, cosseno e tangente.",2024-08-07 15:17:58,2024-08-06,[],132
Importa a biblioteca 'random' para gerar n√∫meros aleat√≥rios,2024-08-07 15:19:16,2024-08-06,[],128
Solicita o nome dos alunos,2024-08-07 15:21:02,2024-08-06,[],119
Solicita ao usu√°rio que digite seu nome completo,2024-08-07 15:22:12,2024-08-06,[],172
Solicita ao usu√°rio que digite um n√∫mero inteiro,2024-08-07 15:25:07,2024-08-06,[],163
Solicita ao usu√°rio que digite o nome de uma cidade,2024-08-07 15:26:30,2024-08-06,[],125
Solicita ao usu√°rio que digite seu nome e armazena em uma vari√°vel chamada 'n'.,2024-08-07 15:28:21,2024-08-06,[],99
Solicita ao usu√°rio que digite uma frase e armazena em uma vari√°vel,2024-08-07 15:29:37,2024-08-06,[],205
Solicita ao usu√°rio que digite uma frase,2024-08-07 16:51:15,2024-08-06,[],195
Solicita ao usu√°rio que digite seu nome completo e armazena na vari√°vel 'n',2024-08-07 16:49:44,2024-08-06,[],192
Aula (28),2024-08-06 16:35:42,2024-08-06,[],7
Importa a biblioteca 'random' para gerar n√∫meros aleat√≥rios.,2024-08-07 16:54:04,2024-08-06,[],203
Solicita ao usu√°rio que digite um n√∫mero inteiro e armazena o valor na vari√°vel 'n',2024-09-12 00:20:01,2024-08-06,[],108
Pede ao usu√°rio para inserir a dist√¢ncia da viagem em km,2024-08-07 16:56:47,2024-08-06,[],153
Importa a biblioteca datetime para obter o ano atual,2024-08-07 16:57:44,2024-08-06,[],176
 Fa√ßa um programa que leia tr√™s n√∫meros e mostre qual √© o maior e qual √© o menor.,2024-08-07 16:58:59,2024-08-06,[],238
Solicita ao usu√°rio que digite o sal√°rio.,2024-08-07 17:01:03,2024-08-06,[],200
Imprime uma mensagem inicial para o usu√°rio,2024-08-07 17:01:49,2024-08-06,[],171
Imprime uma linha de 60 caracteres '$' para fins de formata√ß√£o visual,2024-08-07 17:17:09,2024-08-06,[],306
Obter o n√∫mero inteiro do usu√°rio,2024-08-07 17:19:25,2024-08-06,[],288
Pede ao usu√°rio para digitar o primeiro n√∫mero e converte para inteiro,2024-08-07 17:20:53,2024-08-06,[],177
Pede ao usu√°rio para inserir o ano de nascimento,2024-08-07 17:23:35,2024-08-06,[],152
"Objetivo: Ler duas notas de um aluno, calcular a m√©dia e exibir a situa√ß√£o (Aprovado, Reprovado ou Recupera√ß√£o).",2024-08-07 17:25:48,2024-08-06,[],230
Imprime uma mensagem de boas-vindas ao usu√°rio,2024-08-07 17:26:47,2024-08-06,[],123
Aula (42),2024-08-06 16:35:42,2024-08-06,[],7
T√≠tulo do programa,2024-08-07 17:28:18,2024-08-06,[],213
Solicita o valor total das compras do usu√°rio,2024-08-07 17:29:37,2024-08-06,[],256
Importa a biblioteca 'random' para gerar n√∫meros aleat√≥rios.,2024-08-07 17:31:24,2024-08-06,[],229
Importa a biblioteca 'time' para utilizar fun√ß√µes relacionadas ao tempo.,2024-08-07 17:32:51,2024-08-06,[],143
Este programa ir√° imprimir todos os n√∫meros pares no intervalo de 1 a 50.,2024-08-07 17:34:00,2024-08-06,[],156
 Fa√ßa um programa que calcule a soma entre todos os n√∫meros que,2024-08-07 17:35:31,2024-08-06,[],181
" mostrando a tabuada de um n√∫mero que o usu√°rio escolher, s√≥ que agora utilizando um la√ßo for.",2024-08-07 17:56:22,2024-08-06,[],139
"Solicita ao usu√°rio que digite um n√∫mero inteiro e armazena o valor na vari√°vel ""num"".",2024-08-06 18:16:34,2024-08-06,[],170
Inicializa a vari√°vel 't' para armazenar a soma dos n√∫meros pares,2024-08-07 17:57:51,2024-08-06,[],138
"Desenvolva um programa que leia o primeiro termo e a raz√£o de uma PA. No final,",2024-08-07 17:59:54,2024-08-06,[],191
Pede ao usu√°rio para inserir um n√∫mero inteiro.,2024-08-07 18:01:17,2024-08-06,[],157
Solicita ao usu√°rio que digite uma frase e converte para letras mai√∫sculas,2024-08-07 18:11:05,2024-08-06,[],110
Importa a biblioteca datetime para trabalhar com datas.,2024-08-07 18:12:19,2024-08-06,[],241
Inicializa as vari√°veis para armazenar o maior e o menor peso,2024-08-07 18:13:13,2024-08-06,[],205
Inicializa as vari√°veis para armazenar informa√ß√µes:,2024-08-07 18:14:38,2024-08-06,[],403
"# ¬†Fa√ßa um programa que leia o sexo de uma pessoa, mas s√≥ aceite os valores 'M' ou 'F'.",2024-08-07 18:27:55,2024-08-06,[],76
Importa a biblioteca random para gerar n√∫meros aleat√≥rios,2024-08-07 18:29:14,2024-08-06,[],317
"Objetivo: Criar um programa que realiza opera√ß√µes matem√°ticas b√°sicas entre dois n√∫meros, ",2024-08-07 18:31:42,2024-08-06,[],482
O programa pede ao usu√°rio para digitar um n√∫mero inteiro.,2024-08-07 14:39:55,2024-08-06,[],159
Solicita ao usu√°rio que digite um n√∫mero inteiro,2024-08-07 18:33:16,2024-08-06,[],213
O programa recebe o primeiro termo (p) e a raz√£o (r) da progress√£o aritm√©tica (PA) do usu√°rio.,2024-08-07 18:34:38,2024-08-06,[],151
Leitura dos dados do usu√°rio,2024-08-07 18:35:56,2024-08-06,[],260
Imprime uma linha de '=' com 50 caracteres para delimitar visualmente o in√≠cio do programa,2024-08-07 18:37:58,2024-08-06,[],380
Inicializa as vari√°veis:,2024-08-07 18:39:46,2024-08-06,[],169
Inicializa√ß√£o das vari√°veis,2024-08-07 18:41:26,2024-08-06,[],380
Inicializa as vari√°veis que ser√£o usadas para contar os n√∫meros e guardar a soma.,2024-08-07 18:43:36,2024-08-06,[],154
Inicializa a vari√°vel 'c' para controlar o contador da tabuada,2024-08-07 18:45:02,2024-08-06,[],260
Inicializa√ß√£o das vari√°veis:,2024-08-07 18:47:15,2024-08-06,[],333
 Crie um programa que leia a idade e o sexo de v√°rias pessoas.,2024-08-07 19:28:36,2024-08-06,[],396
"Este programa l√™ duas notas de um aluno, calcula e exibe a m√©dia.",2024-08-07 14:42:47,2024-08-06,[],115
Inicializa√ß√£o das vari√°veis,2024-08-08 18:16:35,2024-08-06,[],327
Imprime o cabe√ßalho do programa,2024-08-08 18:17:41,2024-08-06,[],253
Cria uma tupla chamada 'n' com as palavras por extenso de zero a vinte.,2024-08-08 18:19:33,2024-08-06,[],235
Define a tupla com os 20 primeiros colocados do Brasileir√£o,2024-08-08 18:21:23,2024-08-06,[],225
Importa a biblioteca 'random' para gerar n√∫meros aleat√≥rios.,2024-08-08 18:22:15,2024-08-06,[],161
Declara√ß√£o da tupla,2024-08-08 18:23:22,2024-08-06,[],226
"Cria uma tupla chamada ""p"" contendo nomes de produtos e seus pre√ßos alternados.",2024-08-08 18:29:12,2024-08-06,[],242
"Define uma tupla chamada 'p' com v√°rias palavras, sem acentos.",2024-08-08 18:32:36,2024-08-06,[],224
Cria uma lista vazia para armazenar os n√∫meros.,2024-08-08 18:26:32,2024-08-06,[],340
Inicializa a lista para armazenar os n√∫meros √∫nicos,2024-08-08 18:33:37,2024-08-06,[],400
Solicita ao usu√°rio que digite um n√∫mero inteiro,2024-08-07 14:43:56,2024-08-06,[],259
Cria uma lista vazia para armazenar os n√∫meros.,2024-08-08 18:41:16,2024-08-06,[],300
Inicializa uma lista vazia para armazenar os n√∫meros digitados pelo usu√°rio.,2024-08-08 18:42:40,2024-08-06,[],213
"Inicializa as listas para armazenar os n√∫meros, pares e √≠mpares",2024-08-08 18:45:06,2024-08-06,[],259
Solicita ao usu√°rio que insira a f√≥rmula,2024-08-08 18:46:42,2024-08-06,[],152
Inicializa duas listas:,2024-08-08 18:48:28,2024-08-06,[],406
Cria uma lista de listas (l) para armazenar os n√∫meros pares e √≠mpares.,2024-08-08 18:50:41,2024-08-06,[],218
Cria uma matriz 3x3 com todos os elementos inicializados com 0,2024-08-08 18:52:00,2024-08-06,[],252
Cria uma matriz 3x3 de zeros,2024-08-08 18:53:32,2024-08-06,[],423
"""""""088: Fa√ßa um programa que ajude um jogador da MEGA SENA a criar palpites.",2024-08-08 18:56:37,2024-08-06,[],483
Cria uma lista composta para armazenar as informa√ß√µes dos alunos.,2024-08-08 18:57:42,2024-08-06,[],354
Este programa l√™ um valor em metros e o converte para cent√≠metros e mil√≠metros.,2024-08-07 14:45:05,2024-08-06,[],95
"Este programa l√™ o nome e a m√©dia de um aluno, calcula a situa√ß√£o e armazena os dados em um dicion√°rio.",2024-08-08 18:59:31,2024-08-06,[],159
Importa a fun√ß√£o randint do m√≥dulo random para gerar n√∫meros aleat√≥rios,2024-08-08 19:17:32,2024-08-06,[],293
Importa a biblioteca 'date' para trabalhar com datas,2024-08-08 19:18:51,2024-08-06,[],198
Cria um dicion√°rio vazio para armazenar os dados do jogador,2024-08-08 19:20:03,2024-08-06,[],418
Inicializa uma lista para armazenar os dados de cada pessoa,2024-08-08 19:20:54,2024-08-06,[],345
Cria duas listas:,2024-08-08 19:22:01,2024-08-06,[],476
Calcula a √°rea do terreno,2024-08-08 19:23:07,2024-08-06,[],153
Calcula o tamanho do bloco (comprimento do texto + 4 para os espa√ßos e bordas),2024-08-08 19:24:37,2024-08-06,[],99
"Define a fun√ß√£o 'contagem' que recebe tr√™s par√¢metros: in√≠cio, fim e passo.",2024-08-08 19:26:25,2024-08-06,[],382
Define a fun√ß√£o maior() que recebe um n√∫mero vari√°vel de argumentos,2024-08-08 19:28:43,2024-08-06,[],297
"Solicita ao usu√°rio que digite um n√∫mero inteiro e armazena o valor na vari√°vel ""num"".",2024-08-09 23:08:40,2024-08-06,[],170
Usando get para buscar uma chave que existe,2024-11-13 19:18:19,2024-11-13,[],94
Exemplos,2024-08-16 00:37:09,2024-08-15,[],148
Exemplo,2024-08-15 23:33:54,2024-08-15,[],122
Argumento,2024-11-16 00:02:07,2024-11-15,[],19
Decorador,2024-08-16 00:27:58,2024-08-15,[],14
Fun√ß√£o,2024-11-15 23:52:02,2024-11-14,[],15
"Sa√≠da: Ol√°, Maria!",2024-11-16 00:03:55,2024-11-15,[],47
Exemplo,2024-08-26 01:20:22,2024-08-26,[],41
"Usando dois underlines para indicar ""privado""",2024-08-13 23:42:51,2024-08-13,[],146
Exemplo,2024-08-13 23:30:27,2024-08-13,[],101
Float to int,2024-12-26 20:42:49,2024-12-26,[],55
",'hist'",2024-12-20 19:56:59,2024-12-20,[],69
Dados,2024-12-29 23:11:10,2024-12-29,[],117
Adiciona a legenda,2024-12-18 21:58:37,2024-12-18,[],43
",plot",2024-12-17 22:55:08,2024-12-14,[],97
Criando um DataFrame de exemplo,2024-12-20 20:57:34,2024-12-20,[],93
",show",2024-12-14 22:27:08,2024-12-14,[],17
",title=",2024-12-17 22:20:17,2024-12-14,[],24
",xlabel= or ,ylabel=",2024-12-17 22:51:42,2024-12-14,[],38
Limita o eixo X entre 0 e 6,2024-12-17 22:53:03,2024-12-14,[],61
alpha=,2024-12-17 23:32:40,2024-12-17,[],30
bind=,2024-12-20 19:33:10,2024-12-20,[],6
figsize=,2024-12-17 22:59:43,2024-12-14,[],64
grid=,2024-12-14 21:52:04,2024-12-14,[],15
kind=,2024-12-17 23:35:50,2024-12-17,[],144
legend=,2024-12-17 23:02:38,2024-12-14,[],78
Marcador,2024-12-18 19:29:32,2024-12-14,[],549
rot=,2024-12-18 21:30:04,2024-12-18,[],36
savefig(),2024-12-14 22:26:31,2024-12-14,[],9
x= e y=,2024-12-17 22:47:21,2024-12-14,[],51
array.shape,2024-08-19 20:08:18,2024-08-19,[],43
verifique se a convers√£o de 'col2' √© segura ,2024-12-21 20:57:04,2024-12-21,[],68
1. **Cria√ß√£o de arrays**:,2024-08-21 22:08:19,2024-08-19,[],236
Dados Duplicados,2024-12-09 00:25:52,2024-12-08,[],406
Agrupamento,2024-11-24 19:36:54,2024-11-24,[],11
DataFrame X Series,2024-12-10 20:50:36,2024-12-10,[],34
Dataframe,2024-11-20 18:02:36,2024-08-21,[],287
Duplicatas,2024-11-24 16:38:21,2024-11-24,[],83
Filtragem condicional,2024-11-22 22:34:54,2024-11-22,[],61
Indexa√ß√£o Booleana,2024-11-22 22:34:06,2024-11-18,[],102
que utilizam o conceito.,2024-11-22 23:43:54,2024-11-22,[],264
NaN,2024-12-21 19:34:06,2024-12-21,[],19
Ordenar,2024-11-24 19:39:43,2024-11-24,[],48
Valores nulos,2024-11-24 16:34:46,2024-11-20,[],76
Split Apply Combine,2024-12-28 19:53:45,2024-12-28,[],19
rela√ß√£o do types pandas x python,2024-11-14 22:24:11,2024-11-14,[],95
Valores ausentes,2024-12-06 17:06:19,2024-11-20,[],69
Window functions,2024-12-26 21:17:01,N/A,[],0
",agg",2024-12-28 20:37:09,2024-12-28,[],94
Criando o DataFrame,2024-12-28 16:07:52,2024-12-27,[],140
Convertendo a coluna para o tipo inteiro,2024-12-22 00:10:04,2024-12-21,[],70
",columns",2024-12-28 22:59:59,2024-12-28,[],51
Concatenar por linhas (padr√£o),2024-12-28 23:23:37,2024-12-28,[],80
Matriz de correla√ß√£o,2024-12-18 20:05:39,2024-12-18,[],69
include=,2024-12-05 19:16:43,2024-12-05,[],80
Criando um DataFrame,2024-12-29 19:47:45,2024-12-29,[],117
",dropna",2024-11-22 00:49:17,2024-11-21,[],85
",drop_duplicates",2024-11-25 17:24:09,2024-11-24,[],52
",dt",2024-12-27 18:37:26,2024-12-27,[],113
",dtypes",2024-12-22 00:09:57,2024-12-21,[],50
",duplicated",2024-12-06 17:09:20,2024-11-22,[],45
",fillna",2024-12-14 20:08:53,2024-11-20,[],32
",groupby",2024-11-24 17:11:40,2024-11-24,[],63
",head",2024-11-22 20:07:01,2024-11-22,[],15
",iloc",2024-12-13 20:23:39,2024-12-13,[],184
"oceans = pd.Series(['Pacific', 'Atlantic', 'Indian', 'Southern', 'Arctic'], index=['A', 'B', 'C', 'D', 'E'])",2024-12-22 00:02:34,2024-12-12,[],73
",info",2024-11-21 23:41:46,2024-11-14,[],88
",isin",2024-12-13 23:13:58,2024-12-13,[],66
Identificar valores ausentes com isna() ou isnull,2024-11-21 23:41:46,2024-11-20,[],79
",loc",2024-11-18 00:24:05,2024-11-14,[],273
how=,2024-12-29 00:16:58,2024-12-28,[],86
",nan",2024-12-27 21:09:19,N/A,[],0
",nunique",2024-11-23 00:23:30,2024-11-23,[],41
sintaxe,2024-12-28 20:46:23,2024-12-28,[],141
",query",2024-12-13 23:19:36,2024-12-13,[],55
Separador,2024-12-05 23:04:53,2024-11-29,[],117
",read_excel",2024-11-29 20:54:40,2024-11-29,[],36
",rename",2024-11-25 16:06:21,2024-11-25,[],68
",reset_index",2024-11-24 16:44:48,2024-11-24,[],65
",sample",2024-11-30 00:48:46,2024-11-30,[],33
",Series",2024-12-12 23:55:40,2024-12-12,[],30
",set_index",2024-12-13 21:19:14,2024-12-13,[],6
"(2342, 5) ",2024-11-14 23:56:09,2024-11-14,[],14
",sort_index",2024-12-05 19:56:37,2024-12-05,[],47
sintaxi,2024-11-24 17:59:21,2024-11-24,[],75
mostra as ultimas 12 linhas.,2024-11-29 21:53:03,2024-11-29,[],26
",to_datetime",2024-12-27 16:46:02,2024-12-26,[],270
",to_numeric",2024-12-22 00:10:00,2024-12-21,[],67
",tz_convert() e ,tz_localize()",2024-12-27 18:07:21,2024-12-27,[],212
",unique",2024-12-13 23:09:24,2024-11-23,[],32
",value_count or nunique or duplicates",2024-12-14 20:42:15,N/A,[],0
",value_counts",2024-12-22 00:09:53,2024-12-22,[],40
Substitui valores ‚â§ 15 por 0,2024-12-14 18:30:06,2024-12-14,[],65
Remover uma coluna (axis=1),2024-11-22 00:48:26,2024-11-22,[],383
1. **Leitura e escrita de dados**:,2024-11-20 18:04:05,2024-08-21,[],1186
filtragem simples,2024-12-14 20:22:27,2024-12-14,[],34
index=,2024-12-13 00:05:52,2024-12-13,[],74
fun√ß√µes que usam,2024-11-22 00:38:47,2024-11-21,[],299
Normalizar nomes de colunas,2024-11-20 20:16:35,2024-11-20,[],35
Sem t√≠tulo,2024-12-27 21:10:33,N/A,[],0
fun√ß√µes que usam ,2024-11-22 00:55:42,2024-11-22,[],87
~,2024-12-05 20:32:21,2024-12-05,[],24
An√°lise de dados,2024-09-12 00:14:43,2024-09-04,[],93
An√°lise descritiva ou explorat√≥ria,2024-09-12 00:15:37,2024-09-04,[],92
An√°lise diagn√≥stica,2024-09-12 00:15:48,2024-09-04,[],31
An√°lise Estat√≠stica,2024-09-04 21:48:45,2024-08-25,[],45
An√°lise Explanat√≥ria,2024-11-29 19:41:47,2024-09-05,[],55
An√°lise preditiva,2024-10-28 23:50:41,2024-09-04,[],119
An√°lise prescritiva,2024-09-12 00:14:48,2024-09-04,[],28
Aprendizado de m√°quina,2024-08-25 20:56:05,2024-08-25,[],35
Coleta de dados,2024-08-25 19:37:40,2024-08-25,[],30
Conceitos-chave de dados,2024-10-28 23:50:41,2024-08-25,[],22
Estat√≠stica Descritiva,2024-09-03 23:31:31,2024-09-03,[],78
Excel,2024-09-05 21:21:51,2024-08-25,[],59
Explora√ß√£o,2024-08-25 19:39:33,2024-08-25,[],40
O que √© an√°lise de dados?,2024-09-12 00:24:02,2024-08-25,[],77
Insights,2024-09-12 00:14:45,2024-09-04,[],44
Limpeza de dados,2024-08-25 19:38:33,2024-08-25,[],33
Mediana,2024-09-12 00:19:18,2024-09-03,[],11
Exemplos,2024-09-12 00:17:26,2024-09-03,[],55
Medidas,2024-09-12 00:21:40,2024-09-03,[],17
Para que serve a Moda?,2024-09-12 00:16:32,2024-09-03,[],175
M√©dia,2024-09-12 00:18:31,2024-09-03,[],34
Padr√µes & Tend√™ncias & Rela√ß√µes,2024-09-12 00:21:55,2024-09-04,[],55
1.¬†**Introdu√ß√£o**,2024-08-28 23:01:55,N/A,[],240
Tipos de vari√°veis,2024-09-03 22:21:55,2024-09-03,[],38
Vari√°veis discretas,2024-09-12 00:19:40,2024-09-03,[],22
Vari√°veis ‚Äã‚ÄãCont√≠nuas,2024-09-12 00:24:09,2024-09-03,[],19
Vari√°veis ‚Äã‚ÄãNominais,2024-09-03 22:23:21,2024-09-03,[],19
Vari√°veis ‚Äã‚ÄãOrdinais,2024-09-03 22:23:37,2024-09-03,[],24
Vari√°veis ‚Äã‚ÄãQualitativas (ou Categ√≥ricas),2024-09-03 22:21:47,2024-09-03,[],10
Vari√°veis ‚Äã‚ÄãQuantitativas,2024-09-12 00:19:34,2024-09-03,[],11
Visualiza√ß√£o de dados,2024-08-25 19:53:00,2024-08-25,[],42
1. **Pr√©-processamento de dados**:,2024-08-22 20:29:47,2024-08-22,[],538
'backticks',2024-10-09 23:56:50,2024-10-09,[],56
Campos,2024-09-16 00:40:14,2024-09-16,[],25
Dados caracteres e strings,2024-09-13 20:35:08,2024-09-12,[],20
Dados Diversos,2024-09-12 00:19:26,2024-09-11,[],46
Dados sequ√™ncia de Unicode,2024-09-23 21:08:58,2024-09-11,[],71
"Diferen√ßas DML,DDL e DCL",2024-09-12 17:56:04,2024-09-11,[],43
Different Types,2024-09-21 21:25:42,2024-09-21,[],25
Erro code 1175,2024-09-16 14:26:31,2024-09-15,[],87
Geral,2024-09-12 00:22:02,2024-09-11,[],33
Linguagem de Controle de Dados (DCL),2024-09-12 00:23:42,2024-09-11,[],47
Linguagem de Defini√ß√£o de Dados (DDL),2024-09-12 00:16:24,2024-09-11,[],65
Linguagem de Manipula√ß√£o de Dados (DML),2024-09-16 21:18:04,2024-09-11,[],72
Escolher Tipos de Dados Adequados,2024-09-26 23:09:10,2024-09-26,[],517
Mapeando as habilidades,2024-08-31 01:14:26,2024-08-19,[],474
Estrutura B√°sica,2024-10-10 00:04:13,2024-10-09,[],212
Queries,2024-09-12 00:21:47,2024-09-11,[],36
Benef√≠cios e limita√ß√µes,2024-09-12 00:14:09,2024-09-11,[],561
Principais conceitos sobre _Schema_:,2024-10-09 23:49:15,2024-10-09,[],319
Sintaxe SQL,2024-09-16 21:07:39,2024-09-11,[],66
SQL vx NoSQL,2024-09-26 23:42:23,2024-09-11,[],295
SQL,2024-09-12 00:14:15,2024-09-11,[],47
SSMS,2024-09-28 20:42:46,2024-09-28,[],70
Subquereies Aninhadas,2024-09-21 21:26:08,2024-09-21,[],37
Subquereies Correlacionadas,2024-09-21 21:25:12,2024-09-21,[],39
Subqueries,2024-09-21 21:25:51,2024-09-21,[],38
Tipos de dados SQL,2024-09-12 00:21:32,2024-09-11,[],48
Unicode,2024-09-12 00:15:04,2024-09-11,[],42
√Årvore balanceada,2024-09-26 20:59:11,2024-09-26,[],96
Coisas para juntar,2024-10-23 22:36:39,N/A,[],16
ABS,2024-10-23 01:06:45,2024-09-23,[],61
ADD,2024-09-15 23:34:25,2024-09-15,[],51
ALTER,2024-09-13 20:44:35,2024-09-13,[],20
AND,2024-09-17 19:04:11,2024-09-17,[],32
AS,2024-09-19 20:17:36,2024-09-16,[],148
ASC,2024-09-16 21:20:02,2024-09-16,[],24
asterisco,2024-09-13 20:50:45,2024-09-13,[],13
BETWEEN,2024-09-19 19:50:49,2024-09-16,[],88
Forma simples,2024-10-23 00:33:54,2024-09-23,[],156
CEILING,2024-09-23 21:17:08,2024-09-23,[],62
CHECK,2024-09-20 23:08:25,2024-09-20,[],46
COALESCE,2024-09-25 14:24:11,2024-09-24,[],98
Exemplo de Uso do CONCAT no SQL,2024-10-12 20:54:55,2024-09-21,[],82
Consultas Agregadas,2024-09-20 23:10:42,N/A,[],0
COUNT(),2024-09-18 21:00:02,2024-09-18,[],21
COUNT,2024-09-16 01:25:55,2024-09-16,[],70
O que √© um √çndice?,2024-09-21 00:35:49,2024-09-21,[],115
CREATE TEMPORARY TABLE,2024-10-03 00:33:20,2024-09-26,[],148
CREATE VIEW,2024-09-28 21:42:21,2024-09-24,[],108
CREATE,2024-09-21 20:37:39,2024-09-12,[],24
CROSS JOIN,2024-09-21 20:13:39,2024-09-21,[],86
CRUD,2024-09-16 21:18:04,2024-09-13,[],42
DATE,2024-09-24 19:38:28,2024-09-15,[],154
Ex,2024-09-23 21:13:37,2024-09-23,[],96
DATEPART,2024-09-23 21:11:24,2024-09-23,[],80
DEFAULT,2024-09-21 00:03:30,2024-09-21,[],46
DELETE ou DROP VIEW,2024-09-25 21:26:12,2024-09-25,[],66
DELETE,2024-10-20 00:56:29,2024-09-15,[],20
DESC,2024-09-16 21:20:21,2024-09-16,[],12
DISTINCT,2024-10-10 23:59:36,2024-04-28,[],71
Tipos de DOD,2024-10-02 15:30:26,2024-10-02,[],59
DROP VIEW,2024-09-25 21:21:55,2024-09-25,[],83
DROP,2024-09-13 20:42:37,2024-09-12,[],21
FLOOR,2024-09-23 22:29:47,2024-09-23,[],61
ex,2024-10-12 23:34:26,2024-09-16,[],131
Tabelas,2024-09-20 19:10:59,2024-09-19,[],147
Fun√ß√£o para strings,2024-10-15 21:07:58,2024-09-21,[],320
Fun√ß√µes de agrega√ß√£o SQL,2024-09-18 20:29:24,2024-09-18,[],133
GROUP BY,2024-10-14 23:42:10,2024-09-18,[],142
HAVING SUM(),2024-10-14 23:37:25,2024-09-20,[],205
IN,2024-09-16 21:03:51,2024-09-16,[],30
INSERT INTO,2024-09-17 20:09:18,2024-09-17,[],74
INTO,2024-09-16 21:18:04,2024-09-15,[],20
IS NULL,2024-09-18 00:00:20,2024-09-17,[],28
(INNER) JOIN,2024-09-21 20:26:33,2024-09-19,[],219
Tabelas,2024-09-19 23:23:19,2024-09-19,[],154
EX,2024-09-23 20:26:07,2024-09-23,[],52
LIKE,2024-09-18 22:31:35,2024-09-16,[],41
LIMIT,2024-09-18 20:20:30,2024-09-18,[],51
LOWER,2024-09-23 20:30:21,2024-09-23,[],48
MAX(),2024-10-19 01:35:24,N/A,[],0
MOD,2024-09-23 22:38:01,2024-09-23,[],58
1. **Tabela Regular**,2024-10-09 01:37:21,2024-10-05,[],477
NOT NULL,2024-09-20 23:06:15,2024-09-20,[],39
NOT,2024-09-19 19:44:35,2024-09-19,[],50
NULLIF,2024-09-24 19:06:09,2024-09-23,[],62
Operadores do LIKE,2024-09-19 19:41:35,2024-09-18,[],92
Operadores no SQL,2024-09-19 19:51:17,2024-09-13,[],65
OR,2024-09-17 19:11:25,2024-09-17,[],66
Como Funciona o `ORDER BY`,2024-09-16 21:28:55,2024-09-16,[],89
Par√™nteses,2024-09-17 19:55:27,2024-09-17,[],95
Prefixos SQL,2024-09-19 20:33:54,N/A,[],0
PRIMARY KEY,2024-09-15 21:38:10,2024-09-15,[],61
REFERENCES,2024-09-16 00:16:42,2024-09-16,[],35
REPLACE VIEW,2024-09-25 21:19:07,2024-09-25,[],133
REPLACE,2024-09-23 20:28:53,2024-09-23,[],55
Restri√ß√µes SQL,2024-09-20 23:57:06,2024-09-20,[],164
Tabelas,2024-09-19 23:23:40,2024-09-19,[],138
ROUND,2024-10-11 00:30:05,2024-09-23,[],60
SELECT TOP,2024-09-18 00:08:13,2024-09-18,[],93
Opedadores do select,2024-09-20 23:00:24,2024-09-18,[],17
SELF JOIN,2024-09-20 19:27:48,2024-09-20,[],125
Sem t√≠tulo,2024-09-15 23:32:15,N/A,[],0
SET,2024-09-15 20:56:03,2024-09-13,[],50
SUBSTRING,2024-09-23 20:21:51,2024-09-23,[],65
TIME,2024-09-23 21:04:29,2024-09-23,[],78
TIMESTAMP,2024-09-23 21:07:45,2024-09-23,[],62
UNION,2024-10-16 23:59:16,2024-09-20,[],157
UNIQUE,2024-09-21 00:01:48,2024-09-20,[],89
UPDATE,2024-09-15 21:25:51,2024-09-15,[],27
EX,2024-10-11 00:29:43,2024-09-23,[],46
USE,2024-09-15 20:52:44,2024-09-15,[],18
VARCHAR,2024-09-16 00:05:19,2024-09-16,[],39
VIEW,2024-09-25 21:10:25,2024-09-24,[],72
WHERE,2024-09-16 21:02:53,2024-09-13,[],30
√çNDICES,2024-09-26 21:12:17,2024-09-26,[],46
passos,2024-10-02 23:58:42,2024-09-28,[],697
ao vivo,2024-11-28 17:11:32,2024-11-24,[],91
Quem Sou Eu,2024-12-29 22:58:13,N/A,[],492
Conhe√ßa o segundo projeto,2024-12-15 16:29:00,N/A,[],4414
Sem t√≠tulo,2024-12-12 19:32:33,N/A,[],127
Separa√ß√£o da explica√ß√£o,2024-12-07 00:23:04,2024-12-03,[],895
Introdu√ß√£o √° EDA e DATAVIZ,2024-12-03 20:18:58,2024-12-03,[],22
Fazer uma tabela dos 160,2024-09-18 23:32:45,2024-04-28,[],259
0 Quero ler,2024-12-20 23:25:02,2024-12-17,[],130
4 tipos de an√°lise de dados para criar estrat√©gias certeiras,2024-11-21 21:22:08,2024-04-28,[],94
limpesa,2024-11-21 22:56:03,2024-04-28,[],351
Como criar seu portf√≥lio de Data Scientist e divulgar seus trabalhos,2024-11-20 21:36:19,2024-04-28,[],90
Data - career transition,2024-11-17 23:57:46,2024-04-28,[],127
RESUMA[[Data Science para Neg√≥cios.pdf#page=109|(...)]],2024-10-28 23:04:24,2024-09-30,[],2608
Exerc√≠cios,2024-07-10 14:02:38,2024-04-24,[],209
Para t√©cnicos ,2024-04-19 23:32:15,2024-04-19,[],129
O mundo assombrado pelos demonio,2024-10-28 16:33:12,N/A,[],61
O poder do h√°bito,2024-10-28 16:23:02,N/A,[],326
O teste da m√£e,2024-12-10 01:26:33,N/A,[],381
Rapido e Devagar 2 formas de pensar,2024-01-27 11:30:00,N/A,[],421
Storytelling com dados,2024-09-30 15:31:36,2024-09-04,[],1650
Voice in,2024-08-05 21:43:05,2024-04-28,[],30
Em ordem de prioridade,2024-07-14 01:27:38,2024-07-14,[],34
efeito florida,2023-11-27 11:27:02,N/A,[],89
efeito Lady Macbeth,2023-11-28 11:28:24,N/A,[],17
N√≠veis,2024-05-20 00:59:39,N/A,[],39
Aninha,2024-11-12 01:41:08,N/A,[],5
Informa√ß√µes,2023-10-10 13:00:52,N/A,[],71
Informa√ß√µes,2023-10-12 12:17:43,N/A,[],49
Informa√ß√µes,2023-10-12 12:15:53,N/A,[],85
Ken,2024-09-19 01:14:01,2024-09-19,[],53
Top 10,2024-09-19 00:25:42,N/A,[],48
Chatpdf,2024-04-29 11:07:59,2024-04-28,[],24
Cor invertida,2024-04-29 00:42:10,2024-04-28,[],17
Everycircuit,2024-04-29 00:02:24,2024-04-28,[],30
Ferramentas para design de circuitos eletr√¥nicos,2024-04-29 00:34:48,2024-04-28,[],57
intervals.icu,2024-04-29 00:21:33,2024-04-28,[],23
Paperzonevn,2024-04-29 00:57:07,2024-04-28,[],18
perplexity,2024-08-05 21:37:01,2024-04-28,[],15
Playgraund,2024-08-05 02:04:11,2024-04-28,[],15
Scispace,2024-05-02 10:54:56,2024-04-28,[],19
Sites para pesquisar artigos,2024-04-28 23:47:44,2024-04-28,[],12
Status invest,2024-04-29 00:15:46,2024-04-28,[],19
Suno.io,2024-04-29 00:03:56,2024-04-28,[],23
tempo.com,2024-04-29 00:36:29,2024-04-28,[],54
Video highlight,2024-04-29 11:06:23,2024-04-28,[],16
D Cientista de Dados financeiro,2024-09-29 00:01:27,2024-09-28,[],205
87 DICAS OBSIDIAN Do Iniciante ao Avan√ßado  Tutorial Obsidian,2024-04-29 11:00:02,2024-04-28,[],976
A arte e a ci√™ncia de MEMORIZAR qualquer coisa,2024-08-17 19:27:21,2024-04-28,[],46
Eletrocardiograma,2024-06-08 19:17:01,2024-04-28,[],270
A MELHOR FORMA DE CHEGAR EM QUEM VOC√ä T√Å A FIM Marcos Lacerda psic√≥logo,2024-05-23 02:02:30,2024-04-28,[],72
Por onde Come√ßar a aprender,2024-12-03 23:41:17,2024-04-28,[],376
Anota√ß√µes escritas ou digitadas,2024-11-15 16:55:34,2024-04-28,[],135
T√≥picos Principais sobre Aprender Ingl√™s Gr√°tis e Sozinho:,2024-11-15 17:03:33,2024-04-28,[],519
APRENDA INGL√äS SOZINHO e de GRA√áA,2024-08-21 00:24:53,2024-04-28,[],367
Como e quais componentes guardar de sucata,2024-05-05 00:33:05,2024-04-28,[],64
COMO ESTUDAR POR PDF USANDO INTELIG√äNCIA ARTIFICIAL - UPDF,2024-05-04 00:45:36,2024-04-26,[],66
sites,2024-07-26 12:18:23,2024-04-28,[],356
"Como Magnetizar e Desmagnetizar ferramentas de forma CORRETA, com um pequeno dispositivo!üß≤",2024-04-27 00:26:51,2024-04-27,[],49
minera√ß√£o de senten√ßas,2024-11-28 21:44:05,2024-04-28,[],61
Engenharia de prompt,2024-05-07 19:35:25,2024-05-07,[],98
Equipamentos & Ferramentas - Software para Controle de Componentes Eletr√¥nicos ‚Äúcom algo a mais‚Äù,2024-05-05 23:57:52,2024-04-28,[],63
Evid√™ncia suprimida (Cherry picking),2024-05-03 11:27:29,2024-04-28,[],39
Fazemos algo surreal ao falar portugu√™s!,2024-04-28 22:53:19,2024-04-28,[],43
Origami: Desdobrando a Revolu√ß√£o Cient√≠fica,2024-04-30 12:53:51,2024-04-28,[],1445
Github com Alexandre,2024-12-10 21:27:58,2024-04-28,[],35
M√©todo SQ3R,2024-08-18 00:45:19,2024-04-28,[],132
Por que comemos sempre a mesma coisa,2024-03-06 00:51:09,N/A,[],119
Por que pessoas BURRAS se acham INTELIGENTES,2024-04-09 01:01:06,2024-04-08,[],38
A velocidade da eletricidade,2024-04-24 00:22:15,2024-04-24,[],76
Base,2024-09-12 20:53:29,2024-04-28,[],252
Zettelkasten,2024-04-07 23:09:29,N/A,[],104
Concertei exten√ß√£o,2024-04-24 17:30:13,2024-04-24,[],20
Concertei minha lanterna,2024-04-24 18:52:52,2024-04-24,[],26
Concertei teclado,2024-05-01 16:33:37,2024-05-01,[],44
Fiz fios jacar√©s,2024-04-24 19:00:35,2024-04-24,[],21
Melhorei os estiletes.,2024-04-24 17:31:08,2024-04-24,[],16
Pasta para soldar,2024-04-24 17:30:56,2024-04-24,[],14
Pegador de acerolas,2024-04-24 19:01:21,2024-04-24,[],10
Planos para a Lumin√°ria,2024-05-07 21:04:12,2024-05-04,[],114
Avalia qual ou quais compreess√µes,2024-08-23 21:22:49,N/A,[],0
Passos imagin√°rios,2024-09-03 01:39:36,2024-08-29,[],167
A√ß√µes,2024-07-17 01:19:15,2024-07-17,[],41
Passos imagin√°rios,2024-11-10 17:38:02,2024-11-10,[],14
Passos imagin√°rios,2024-08-29 17:47:21,2024-08-29,[],58
Passos imagin√°rios,2024-05-30 00:56:59,2024-05-30,[],49
Excel para controle de estoque,2024-05-05 23:59:47,2024-05-05,[],35
Passos imagin√°rios,2024-09-04 01:14:00,2024-09-04,[],46
Gr√°ficos para csv,2024-08-19 18:47:13,2024-08-19,[],16
Hipoteses,2024-11-24 23:08:42,2024-11-24,[],14
Livro = astronauta na terra,2024-07-29 00:51:59,2024-07-29,[],93
Livro = Beleza,2024-07-29 01:58:18,2024-07-29,[],169
Passos imagin√°rios,2024-05-12 00:48:54,2024-05-12,[],68
Passos imagin√°rios ,2024-08-10 10:55:38,N/A,[],61
Passos imagin√°rios,2024-08-30 01:59:15,2024-08-30,[],47
Ponteira heat pipe,2024-04-24 23:15:55,2024-04-24,[],38
Previs√£o de demanda para cadeias de suprimentos,2024-08-19 19:26:59,2024-08-19,[],17
Passos imagin√°rios,2024-05-12 00:46:19,2024-05-12,[],38
Passos imagin√°rios,2024-06-15 01:31:53,2024-06-09,[],122
Sentimentos negativos,2024-11-26 16:55:26,2024-11-26,[],52
RPD,2024-11-26 16:57:16,2024-11-26,[],90
Estudo,2024-09-20 19:25:10,N/A,[],3
Tarefas,2023-09-27 20:21:44,N/A,[],2
Informa√ß√µes,2023-09-27 21:19:11,N/A,[],48
pret,2024-09-19 00:29:40,N/A,[],30
Sites,2024-04-28 23:20:18,2024-04-28,[],7
V√≠deo,2024-04-28 23:19:33,2024-04-28,[],8
Text Elements,2024-09-04 20:58:49,N/A,['excalidraw'],1669
