Nome da Nota,Data da √öltima Modifica√ß√£o,Data da Nota,Tags,Palavras,Links,Conte√∫do
",pop.md",,,,17,0,2024-11-13 19:18:02
Discretiza√ß√£o.md,,,,17,0,2024-10-23 22:38:25
EDA.md,,,,17,0,2024-12-03 20:17:55
Indu√ß√£o.md,,,,17,0,2024-10-29 00:40:58
o'clock.md,,,,18,0,2024-11-22 19:12:45
quantidade de palavras.md,,,,19,0,2024-11-28 21:44:47
Sem t√≠tulo.md,,,,18,0,2024-11-22 18:12:19
Tripleten.md,,,,17,0,2024-10-29 22:06:49
vxcvx.gif.md,,,,18,0,2024-12-10 15:36:49
A√ß√µes.md,,,,18,0,2024-07-17 01:04:31
Terrawwwwwww.md,,,,18,0,2024-07-15 01:06:40
Terrawwwwwwwwwww.md,,,,18,0,2024-07-15 01:07:32
Terrawwwwwwwwwwww2w22wwwwwww.md,,,,18,0,2024-07-15 01:05:14
Terrawwwwwwwwwwwww.md,,,,18,0,2024-07-15 01:08:00
Terrawwwwwwwwwwwwwww.md,,,,18,0,2024-07-15 01:08:33
Cheklist.md,,,,19,0,2024-12-03 23:22:41
Organiza√ß√£o da organiza√ß√£o.md,,,,21,0,2024-10-18 17:26:56
O voto n√£o √© o que voc√™ pensa..md,,,,26,0,2024-09-19 18:52:16
300 palavras basicas.md,,,,22,0,2024-12-06 23:40:21
Anki.md,,,,20,0,2024-11-28 19:55:21
DA.md,,,,20,0,2024-11-19 19:52:27
Eniglish.md,,,,20,0,2024-11-26 17:51:32
Gr√°fico.md,,,,20,0,2024-11-15 21:16:00
Python.md,,,,20,0,2024-12-12 22:59:18
pythonloco.md,,,,20,0,2024-11-19 21:32:56
01.md,,,,20,0,2024-12-08 23:57:27
Alfabeto.md,,,,20,0,2024-11-15 18:20:42
Articles.md,,,,20,0,2024-11-27 01:13:28
Fon√©tica das palavras com ch.md,,,,24,0,2024-11-17 22:38:59
"in, on e at(para lugar).md",,,,25,0,2024-11-22 18:08:06
"in, on e at(para tempo).md",,,,25,0,2024-11-22 19:21:47
Noun.md,,,,20,0,2024-11-27 01:12:12
Object of the sentence.md,,,,23,0,2024-11-26 18:43:35
Phonetics.md,,,,20,0,2024-11-27 01:13:29
Posi√ß√µes.md,,,,20,0,2024-12-18 00:40:09
Pronome.md,,,,20,0,2024-11-26 20:03:06
Sem t√≠tulo.md,,,,21,0,2024-11-26 18:29:06
Verbs.md,,,,20,0,2024-11-18 17:57:17
Color.md,,,,21,0,2024-12-01 23:38:35
Days of the week.md,,,,24,0,2024-12-01 23:44:45
evening.md,,,,21,0,2024-11-22 19:04:14
Months and Seasons.md,,,,23,0,2024-12-02 00:22:34
noon.md,,,,21,0,2024-11-22 18:15:52
Numbers.md,,,,21,0,2024-12-08 23:47:27
N√£o sei.md,,,,22,0,2024-12-29 00:35:28
Conjunto dos inteiros.md,,,,22,0,2023-09-29 23:31:25
Conjunto dos Irracionais.md,,,,22,0,2023-10-03 10:31:33
Conjunto dos Racionais.md,,,,22,0,2023-09-29 23:45:07
Conjunto dos reais.md,,,,22,0,2023-09-29 23:34:58
Conjuntos dos naturais.md,,,,22,0,2023-09-29 23:31:16
Conjuntos num√©ricos.md,,,,21,0,2024-04-21 22:40:53
Sem t√≠tulo.md,,,,21,0,2024-10-25 00:13:56
Fundamentos da matem√°tica elementar V1.md,,,,26,0,2024-11-09 17:58:22
Nega√ß√£o(~).md,,,,22,0,2024-10-25 00:53:34
Proposi√ß√£o composta.md,,,,23,0,2024-11-09 18:15:36
Proposi√ß√£o.md,,,,22,0,2024-10-25 00:44:52
Vari√°veis.md,,,,22,0,2024-11-11 21:14:26
Algoritmos de memoriza√ß√£o.md,,,,22,0,2024-08-17 19:36:45
Breu.md,,,,20,0,2024-04-24 19:28:59
Como eu estudo.md,,,,22,0,2024-08-22 22:47:54
Hidro-semeadura.md,,,,21,0,2024-04-20 22:27:36
Leitura do Coruja.md,,,,22,0,2024-04-30 00:44:42
Major System.md,,,,21,0,2024-08-17 19:57:31
Pal√°cio da mem√≥ria.md,,,,22,0,2024-08-17 19:50:54
RGB.md,,,,20,0,2024-04-09 11:22:35
Plano inicial.md,,,,22,0,2024-05-23 01:42:19
Suplementos.md,,,,21,0,2024-06-30 18:45:36
Zonas.md,,,,21,0,2024-06-24 00:57:01
Perguntas Abertas.md,,,,22,0,2023-11-03 11:38:07
corrente.md,,,,21,0,2024-04-25 01:01:47
Current sink.md,,,,22,0,2024-05-25 21:00:23
Current source.md,,,,22,0,2024-05-25 21:00:33
Integra√ß√£o dos componentes.md,,,,23,0,2024-04-19 23:40:16
Kirchhoff.md,,,,21,0,2024-04-14 22:17:50
lei de kirchhoff das tens√µes.md,,,,25,0,2024-04-18 12:03:35
lei de ohm.md,,,,23,0,2024-04-14 21:41:23
Metas.md,,,,21,0,2024-05-29 23:44:56
ohms.md,,,,21,0,2024-04-16 00:31:58
Resistor de pull up.md,,,,24,0,2024-05-27 21:27:00
resistores de leds.md,,,,23,0,2024-04-14 20:42:51
Resist√™ncia.md,,,,21,0,2024-04-18 12:09:30
ten√ß√£o.md,,,,21,0,2024-04-25 00:50:38
TRI-STATE.md,,,,22,0,2024-05-25 20:51:45
"CRISTAL OSCILADOR EXTERNO, POLLING Curso de PIC 005.md",,,,30,0,2024-06-09 00:05:33
ENTRADAS DIGITAIS  Curso de PIC 004.md,,,,28,0,2024-06-08 21:58:01
"FUS√çVEIS, DATASHEET, SOFTWARE DE SIMULA√á√ÉO.md",,,,27,0,2024-05-25 20:03:52
GRAVANDO O PRIMEIRO PIC 12F675  Curso de PIC 003.md,,,,31,0,2024-05-27 21:36:13
INTRODU√á√ÉO PIC16F84A Curso de PIC.md,,,,27,0,2024-05-25 20:59:58
Bobina ou Indutor.md,,,,24,0,2024-04-22 00:09:49
Capacitor.md,,,,22,0,2024-04-18 12:12:52
Chaves com mem√≥ria.md,,,,24,0,2024-05-03 22:12:01
Chaves Moment√¢neas.md,,,,23,0,2024-05-03 22:05:09
Chaves.md,,,,22,0,2024-05-03 22:11:04
componente.md,,,,22,0,2024-07-15 01:09:02
diodo.md,,,,22,0,2024-05-03 21:40:00
EEPROM.md,,,,22,0,2024-05-27 20:20:37
LED.md,,,,22,0,2024-04-14 21:38:41
Mem√≥ria.md,,,,22,0,2024-05-27 20:17:49
Resistor.md,,,,22,0,2024-05-08 00:19:33
Sensores.md,,,,22,0,2024-05-09 01:08:36
Solda.md,,,,22,0,2024-04-18 12:06:34
Terra.md,,,,22,0,2024-04-25 00:52:00
Transistor.md,,,,22,0,2024-05-03 23:43:12
Comandos.md,,,,22,0,2024-05-15 20:41:41
Pick devices.md,,,,23,0,2024-05-27 21:39:21
Quais consigo fazer..md,,,,23,0,2024-08-05 02:19:45
Quais vou fazer.md,,,,23,0,2024-08-27 20:34:35
Metas.md,,,,21,0,2024-05-07 21:10:47
Papel alum√≠nio.md,,,,23,0,2024-05-07 23:53:41
PVC.md,,,,22,0,2024-05-07 21:02:29
Super cola.md,,,,23,0,2024-05-07 21:07:49
Coisas a fazer.md,,,,23,0,2024-07-12 21:53:08
Exercicios.md,,,,21,0,2024-09-05 18:05:24
Vida 1.md,,,,22,0,2024-08-08 20:13:06
Acentua√ß√£o.md,,,,20,0,2024-09-21 23:16:08
Adjetivo.md,,,,20,0,2023-11-02 10:40:21
Artigo.md,,,,20,0,2023-11-02 10:34:00
Classe de palavras.md,,,,22,0,2023-10-25 19:02:03
Classifica√ß√£o das consoantes.md,,,,22,0,2023-10-06 10:40:36
Classifica√ß√£o das vogais.md,,,,22,0,2023-09-28 23:15:23
Composi√ß√£o.md,,,,20,0,2023-10-17 10:31:09
Diss√≠laba.md,,,,20,0,2023-10-21 11:41:20
Ditongo.md,,,,20,0,2023-10-02 10:17:31
dupla pros√≥dia.md,,,,21,0,2023-10-01 20:02:34
D√≠grafo.md,,,,20,0,2023-09-28 10:21:00
D√≠grafos consonantais.md,,,,21,0,2023-09-28 10:29:25
D√≠grafos voc√°licos.md,,,,21,0,2023-09-28 10:20:54
Emprego do E.md,,,,22,0,2023-10-14 10:48:52
Emprego do G.md,,,,22,0,2023-10-14 10:29:02
Emprego do H.md,,,,22,0,2024-04-24 00:35:46
Emprego do H√≠fen.md,,,,22,0,2023-10-17 10:07:02
Emprego do I.md,,,,22,0,2023-10-14 11:16:16
Emprego do J.md,,,,22,0,2023-10-13 10:51:42
Emprego do S.md,,,,22,0,2024-04-24 00:35:46
Emprego do SC.md,,,,22,0,2024-04-24 00:35:46
Emprego do SS.md,,,,22,0,2023-10-12 11:20:41
Emprego do X ou CH.md,,,,24,0,2023-10-16 20:36:45
Emprego do XC.md,,,,22,0,2023-10-17 09:46:12
Emprego do Z.md,,,,22,0,2023-10-12 11:10:33
Emprego do √á.md,,,,22,0,2023-10-12 11:31:07
Encontros consonantais.md,,,,21,0,2023-10-06 11:06:56
Encontros voc√°licos.md,,,,21,0,2023-10-02 10:29:11
Fonemas consonantais.md,,,,21,0,2023-09-28 10:42:40
Fonemas voc√°licos.md,,,,21,0,2023-09-28 10:35:47
fonemas.md,,,,20,0,2023-09-28 10:49:01
Fonologia.md,,,,20,0,2023-09-28 10:20:51
Formas variante.md,,,,21,0,2023-10-17 09:48:28
Forma√ß√£o de palavras.md,,,,22,0,2024-05-05 00:17:41
Hiato.md,,,,20,0,2023-10-06 23:27:43
Hom√¥nimos.md,,,,20,0,2023-10-17 09:57:26
Interpreta√ß√£o x Compreender.md,,,,22,0,2023-10-25 19:18:25
Monoss√≠laba.md,,,,20,0,2023-10-01 22:46:51
Nasal.md,,,,20,0,2023-10-02 10:01:00
Oral.md,,,,20,0,2023-10-02 09:59:47
Ortografia.md,,,,20,0,2023-10-17 10:02:09
Orto√©pia.md,,,,20,0,2024-12-04 21:40:07
Ox√≠tonas.md,,,,20,0,2023-09-30 10:54:54
Palavras de uma mesma fam√≠lia.md,,,,24,0,2023-10-14 11:18:11
Palavras derivadas.md,,,,21,0,2023-10-14 10:03:32
Parox√≠tonas.md,,,,20,0,2023-09-30 10:48:05
Par√¥nimos.md,,,,20,0,2023-10-17 09:55:27
Poliss√≠laba.md,,,,20,0,2023-09-28 23:45:04
prefixo.md,,,,20,0,2023-10-14 10:48:55
Primeira leitura.md,,,,21,0,2023-10-25 17:45:00
Proparox√≠tonas.md,,,,20,0,2023-09-30 10:48:17
Pros√≥dia.md,,,,20,0,2023-10-01 20:11:54
Quanto ao papel.md,,,,22,0,2023-09-28 23:18:20
Quanto ao timbre.md,,,,22,0,2023-09-28 23:14:45
Quanto √† intensidade.md,,,,22,0,2023-09-28 23:21:16
Quanto √† zona de articula√ß√£o.md,,,,24,0,2023-09-28 23:11:30
Segunda leitura.md,,,,21,0,2023-10-25 17:52:44
Semivogal.md,,,,20,0,2023-10-02 09:56:41
silabada.md,,,,20,0,2023-10-01 19:47:27
Substantivo.md,,,,20,0,2023-11-02 10:17:51
S√≠laba t√¥nica.md,,,,21,0,2023-10-07 10:08:35
S√≠laba.md,,,,20,0,2023-09-30 10:19:18
Translinea√ß√£o.md,,,,20,0,2023-10-06 10:47:09
Triss√≠laba.md,,,,20,0,2023-09-28 23:44:14
Tritongo.md,,,,20,0,2023-10-02 10:28:10
T√¥nicos.md,,,,20,0,2023-10-01 22:53:04
√Åtonos.md,,,,20,0,2023-10-01 22:50:47
Freela.md,,,,21,0,2024-12-02 21:00:47
minera√ß√£o de dado.md,,,,23,0,2024-10-01 19:09:14
Sites.md,,,,21,0,2024-08-24 00:29:46
Geral.md,,,,24,0,2024-08-31 01:17:01
An√°lise inicial do DF.md,,,,25,0,2024-12-21 19:43:52
churn.md,,,,22,0,2024-11-11 21:35:40
Coeficiente de correla√ß√£o linear.md,,,,25,0,2024-12-18 00:36:32
Engenharia de caracter√≠sticas.md,,,,24,0,2024-12-28 15:51:57
Import√¢ncia do grafico.md,,,,24,0,2024-12-05 18:58:41
Outliers.md,,,,22,0,2024-12-21 19:36:55
Rotatividade.md,,,,22,0,2024-11-11 21:23:20
Sem t√≠tulo.md,,,,23,0,2024-11-11 21:17:58
Avaliar f√≥rmula.md,,,,23,0,2024-09-12 00:17:13
DADADIF.md,,,,22,0,2024-08-25 23:37:47
F4.md,,,,22,0,2024-11-04 16:43:18
Fun√ß√£o TEXTO.md,,,,23,0,2024-09-12 00:16:39
Fun√ß√£o.excel.md,,,,23,0,2024-09-12 00:13:49
hlookup.md,,,,22,0,2024-08-25 23:36:37
SE.md,,,,22,0,2024-09-07 21:02:06
SEERRO.md,,,,22,0,2024-09-12 00:22:57
Tabelas din√¢micas.md,,,,23,0,2024-09-12 00:17:09
Vari√°veis no excel.md,,,,24,0,2024-09-12 00:17:05
vlookup.md,,,,22,0,2024-08-25 23:36:28
Acercamento.md,,,,22,0,2024-09-12 16:09:15
Barras horizontais empilhadas.md,,,,24,0,2024-09-12 00:18:21
Barras horizontais.md,,,,23,0,2024-09-12 00:18:14
Barras verticais empilhadas.md,,,,24,0,2024-09-12 00:18:03
Barras verticais.md,,,,23,0,2024-09-12 00:17:57
Barras.md,,,,22,0,2024-09-12 00:17:49
Causa e efeito.md,,,,24,0,2024-12-17 20:38:20
Conex√£o.md,,,,22,0,2024-09-12 16:16:50
Continuidade.md,,,,22,0,2024-09-12 16:14:45
Elementos de um Bom Gr√°fico.md,,,,26,0,2024-12-17 20:38:10
Exemplo de gr√°ficos.md,,,,24,0,2024-09-21 19:30:02
Fechamento.md,,,,22,0,2024-09-12 16:13:07
Gr√°fico de cascata.md,,,,24,0,2024-09-12 00:18:08
Gr√°fico de dispers√£o.md,,,,24,0,2024-09-07 17:49:50
Gr√°fico de inclina√ßao.md,,,,24,0,2024-09-29 19:19:52
Gr√°fico de inclina√ß√£o.md,,,,24,0,2024-09-12 00:16:12
Gr√°fico de linhas.md,,,,24,0,2024-09-12 00:16:06
Gr√°fico de √Årea.md,,,,24,0,2024-09-11 18:18:18
Gr√°ficos de dispers√£o.md,,,,24,0,2024-12-18 19:34:52
Gr√°ficos ruins.md,,,,23,0,2024-12-17 21:00:36
Histograma.md,,,,22,0,2024-12-20 19:28:58
Linhas.md,,,,22,0,2024-09-12 00:16:03
Mapa de calor.md,,,,24,0,2024-09-07 17:42:25
Matrizes de dispers√£o.md,,,,24,0,2024-12-18 23:37:14
Pontos.md,,,,22,0,2024-09-12 00:15:58
Princ√≠pios da Gestalt.md,,,,24,0,2024-09-12 17:53:47
Proximidade.md,,,,22,0,2024-09-12 16:06:07
Similaridade.md,,,,22,0,2024-09-12 16:07:30
Sites.md,,,,22,0,2024-09-30 15:31:31
Tabela.md,,,,22,0,2024-09-12 00:23:19
Texto simples.md,,,,23,0,2024-09-07 17:17:35
Uso de anima√ß√£o nos visuais apresentados.md,,,,27,0,2024-09-26 16:29:10
Exemplo de postes.md,,,,24,0,2024-12-06 20:46:00
linkedin.md,,,,22,0,2024-09-04 01:10:30
Network.md,,,,22,0,2024-09-21 23:33:01
perguntas.md,,,,22,0,2024-10-16 00:05:31
Sem t√≠tulo.md,,,,23,0,2024-10-16 00:49:25
Torne-se parceiro do contato.md,,,,26,0,2024-09-18 22:55:13
Big Data 2.0.md,,,,25,0,2024-10-02 16:07:41
Big Data vx minera√ß√£o de dados.md,,,,27,0,2024-10-02 15:42:47
correla√ß√µes.md,,,,22,0,2024-10-04 17:58:33
M√©todos Supervisionados vx N√£o Supervisionados.md,,,,26,0,2024-10-07 17:49:42
Porque n√£o √© manual mas.md,,,,26,0,2024-10-05 20:48:20
Publico.md,,,,22,0,2024-10-05 20:38:38
Storytelling.md,,,,22,0,2024-09-25 18:30:35
T√°ticas.md,,,,22,0,2024-09-25 19:00:43
Web 1.0 vx Web 2.0.md,,,,28,0,2024-10-02 16:04:32
Gloss√°rio (data science para negocios).md,,,,26,0,2024-10-29 00:25:31
Palavras.md,,,,22,0,2024-10-22 01:58:35
Perceptron e Aprendizado Supervisionado.md,,,,25,0,2024-10-08 23:56:05
Problemas b√°sicos.md,,,,23,0,2024-10-04 00:08:26
Problemas de Morfologia.md,,,,24,0,2024-10-04 00:46:14
REsumo.md,,,,22,0,2024-10-01 22:51:35
Abstra√ß√£o.md,,,,22,0,2024-08-10 23:20:49
Atributos.md,,,,22,0,2024-11-14 22:01:16
Classes.md,,,,22,0,2024-08-10 22:25:59
Construtor.md,,,,22,0,2024-10-13 00:26:12
Inst√¢ncia.md,,,,22,0,2024-08-10 21:17:09
M√©todos.md,,,,22,0,2024-08-16 00:18:33
Objetos.md,,,,22,0,2024-08-10 21:19:04
Private.md,,,,22,0,2024-08-13 23:40:57
Programa√ß√£o Orientada a Objetos (POO).md,,,,26,0,2024-08-16 00:26:05
An√°lise de E-commerce.md,,,,25,0,2024-10-27 20:40:54
Atributo.md,,,,22,0,2024-11-15 21:24:12
Composi√ß√£o p.md,,,,23,0,2024-08-13 22:50:23
Instru√ß√£o.md,,,,22,0,2024-11-13 19:24:46
M√©todo.md,,,,22,0,2024-11-13 19:25:11
Objetos s√£o acessado por endere√ßos.md,,,,26,0,2024-08-12 20:55:24
Aula (10).md,,,,27,0,2024-08-07 14:49:38
Aula (100).md,,,,27,0,2024-08-08 19:29:39
Aula (101).md,,,,27,0,2024-08-08 19:30:57
Aula (102).md,,,,27,0,2024-08-08 19:33:00
Aula (103).md,,,,27,0,2024-08-08 19:34:32
Aula (104).md,,,,27,0,2024-08-08 19:36:43
Aula (105).md,,,,27,0,2024-08-08 19:38:40
Aula (106).md,,,,27,0,2024-08-08 19:51:51
Aula (11).md,,,,27,0,2024-08-07 14:51:26
Aula (12).md,,,,27,0,2024-08-07 14:55:45
Aula (13).md,,,,27,0,2024-08-07 14:57:31
Aula (14).md,,,,27,0,2024-08-07 14:58:54
Aula (15).md,,,,27,0,2024-08-07 15:00:30
Aula (16).md,,,,27,0,2024-08-07 15:02:19
Aula (17).md,,,,27,0,2024-08-07 15:14:36
Aula (18).md,,,,27,0,2024-08-07 15:17:58
Aula (19).md,,,,27,0,2024-08-07 15:19:16
Aula (20).md,,,,27,0,2024-08-07 15:21:02
Aula (21).md,,,,27,0,2024-08-07 15:22:12
Aula (22).md,,,,27,0,2024-08-07 15:25:07
Aula (23).md,,,,27,0,2024-08-07 15:26:30
Aula (24).md,,,,27,0,2024-08-07 15:28:21
Aula (25).md,,,,27,0,2024-08-07 15:29:37
Aula (26).md,,,,27,0,2024-08-07 16:51:15
Aula (27).md,,,,27,0,2024-08-07 16:49:44
Aula (28).md,,,,27,0,2024-08-06 16:35:42
Aula (29).md,,,,27,0,2024-08-07 16:54:04
Aula (30).md,,,,27,0,2024-09-12 00:20:01
Aula (31).md,,,,27,0,2024-08-07 16:56:47
Aula (32).md,,,,27,0,2024-08-07 16:57:44
Aula (33).md,,,,27,0,2024-08-07 16:58:59
Aula (34).md,,,,27,0,2024-08-07 17:01:03
Aula (35).md,,,,27,0,2024-08-07 17:01:49
Aula (36).md,,,,27,0,2024-08-07 17:17:09
Aula (37).md,,,,27,0,2024-08-07 17:19:25
Aula (38).md,,,,27,0,2024-08-07 17:20:53
Aula (39).md,,,,27,0,2024-08-07 17:23:35
Aula (40).md,,,,27,0,2024-08-07 17:25:48
Aula (41).md,,,,27,0,2024-08-07 17:26:47
Aula (42).md,,,,27,0,2024-08-06 16:35:42
Aula (43).md,,,,27,0,2024-08-07 17:28:18
Aula (44).md,,,,27,0,2024-08-07 17:29:37
Aula (45).md,,,,27,0,2024-08-07 17:31:24
Aula (46).md,,,,27,0,2024-08-07 17:32:51
Aula (47).md,,,,27,0,2024-08-07 17:34:00
Aula (48).md,,,,27,0,2024-08-07 17:35:31
Aula (49).md,,,,27,0,2024-08-07 17:56:22
Aula (5).md,,,,27,0,2024-08-06 18:16:34
Aula (50).md,,,,27,0,2024-08-07 17:57:51
Aula (51).md,,,,27,0,2024-08-07 17:59:54
Aula (52).md,,,,27,0,2024-08-07 18:01:17
Aula (53).md,,,,27,0,2024-08-07 18:11:05
Aula (54).md,,,,27,0,2024-08-07 18:12:19
Aula (55).md,,,,27,0,2024-08-07 18:13:13
Aula (56).md,,,,27,0,2024-08-07 18:14:38
Aula (57).md,,,,27,0,2024-08-07 18:27:55
Aula (58).md,,,,27,0,2024-08-07 18:29:14
Aula (59).md,,,,27,0,2024-08-07 18:31:42
Aula (6).md,,,,27,0,2024-08-07 14:39:55
Aula (60).md,,,,27,0,2024-08-07 18:33:16
Aula (61).md,,,,27,0,2024-08-07 18:34:38
Aula (62).md,,,,27,0,2024-08-07 18:35:56
Aula (63).md,,,,27,0,2024-08-07 18:37:58
Aula (64).md,,,,27,0,2024-08-07 18:39:46
Aula (65).md,,,,27,0,2024-08-07 18:41:26
Aula (66).md,,,,27,0,2024-08-07 18:43:36
Aula (67).md,,,,27,0,2024-08-07 18:45:02
Aula (68).md,,,,27,0,2024-08-07 18:47:15
Aula (69).md,,,,27,0,2024-08-07 19:28:36
Aula (7).md,,,,27,0,2024-08-07 14:42:47
Aula (70).md,,,,27,0,2024-08-08 18:16:35
Aula (71).md,,,,27,0,2024-08-08 18:17:41
Aula (72).md,,,,27,0,2024-08-08 18:19:33
Aula (73).md,,,,27,0,2024-08-08 18:21:23
Aula (74).md,,,,27,0,2024-08-08 18:22:15
Aula (75).md,,,,27,0,2024-08-08 18:23:22
Aula (76).md,,,,27,0,2024-08-08 18:29:12
Aula (77).md,,,,27,0,2024-08-08 18:32:36
Aula (78).md,,,,27,0,2024-08-08 18:26:32
Aula (79).md,,,,27,0,2024-08-08 18:33:37
Aula (8).md,,,,27,0,2024-08-07 14:43:56
Aula (80).md,,,,27,0,2024-08-08 18:41:16
Aula (81).md,,,,27,0,2024-08-08 18:42:40
Aula (82).md,,,,27,0,2024-08-08 18:45:06
Aula (83).md,,,,27,0,2024-08-08 18:46:42
Aula (84).md,,,,27,0,2024-08-08 18:48:28
Aula (85).md,,,,27,0,2024-08-08 18:50:41
Aula (86).md,,,,27,0,2024-08-08 18:52:00
Aula (87).md,,,,27,0,2024-08-08 18:53:32
Aula (88).md,,,,27,0,2024-08-08 18:56:37
Aula (89).md,,,,27,0,2024-08-08 18:57:42
Aula (9).md,,,,27,0,2024-08-07 14:45:05
Aula (90).md,,,,27,0,2024-08-08 18:59:31
Aula (91).md,,,,27,0,2024-08-08 19:17:32
Aula (92).md,,,,27,0,2024-08-08 19:18:51
Aula (93).md,,,,27,0,2024-08-08 19:20:03
Aula (94).md,,,,27,0,2024-08-08 19:20:54
Aula (95).md,,,,27,0,2024-08-08 19:22:01
Aula (96).md,,,,27,0,2024-08-08 19:23:07
Aula (97).md,,,,27,0,2024-08-08 19:24:37
Aula (98).md,,,,27,0,2024-08-08 19:26:25
Aula (99).md,,,,27,0,2024-08-08 19:28:43
Python Code for Finding the Successor of an Integer.md,,,,34,0,2024-08-09 23:08:40
",get.md",,,,23,0,2024-11-13 19:18:19
@atributo.setters e getters.md,,,,26,0,2024-08-16 00:37:09
@property.md,,,,23,0,2024-08-15 23:33:54
Argumento.md,,,,23,0,2024-11-16 00:02:07
Decorador.md,,,,23,0,2024-08-16 00:27:58
Fun√ß√£o.md,,,,23,0,2024-11-15 23:52:02
Par√¢metro.md,,,,23,0,2024-11-16 00:03:55
pptint().md,,,,23,0,2024-08-26 01:20:22
Private em python.md,,,,25,0,2024-08-13 23:42:51
__dict__.md,,,,23,0,2024-08-13 23:30:27
to int.md,,,,24,0,2024-12-26 20:42:49
",'hist'.md",,,,24,0,2024-12-20 19:56:59
",bar.md",,,,24,0,2024-12-29 23:11:10
",legend.md",,,,24,0,2024-12-18 21:58:37
",plot.md",,,,24,0,2024-12-17 22:55:08
",scatter_matrix.md",,,,24,0,2024-12-20 20:57:34
",show.md",,,,24,0,2024-12-14 22:27:08
",title=.md",,,,24,0,2024-12-17 22:20:17
",xlabel= or ,ylabel=.md",,,,26,0,2024-12-17 22:51:42
",xlim= e ,ylim=.md",,,,26,0,2024-12-17 22:53:03
alpha=.md,,,,24,0,2024-12-17 23:32:40
bind=.md,,,,24,0,2024-12-20 19:33:10
figsize=.md,,,,24,0,2024-12-17 22:59:43
grid=.md,,,,24,0,2024-12-14 21:52:04
kind=.md,,,,24,0,2024-12-17 23:35:50
legend=.md,,,,24,0,2024-12-17 23:02:38
Marcador.md,,,,24,0,2024-12-18 19:29:32
rot=.md,,,,24,0,2024-12-18 21:30:04
savefig().md,,,,24,0,2024-12-14 22:26:31
x= e y=.md,,,,26,0,2024-12-17 22:47:21
array.shape.md,,,,24,0,2024-08-19 20:08:18
",array_equal.md",,,,25,0,2024-12-21 20:57:04
Comandos.md,,,,25,0,2024-08-21 22:08:19
01.md,,,,23,0,2024-12-09 00:25:52
Agrupamento.md,,,,23,0,2024-11-24 19:36:54
DataFrame X Series.md,,,,25,0,2024-12-10 20:50:36
DataFrame.md,,,,23,0,2024-11-20 18:02:36
Duplicatas.md,,,,23,0,2024-11-24 16:38:21
Filtragem condicional.md,,,,24,0,2024-11-22 22:34:54
Indexa√ß√£o Booleana.md,,,,24,0,2024-11-22 22:34:06
M√°scara booleana.md,,,,24,0,2024-11-22 23:43:54
NaN.md,,,,23,0,2024-12-21 19:34:06
Ordenar.md,,,,23,0,2024-11-24 19:39:43
Pr√©-processamento de dados.md,,,,26,0,2024-11-24 16:34:46
Split Apply Combine.md,,,,25,0,2024-12-28 19:53:45
types.md,,,,23,0,2024-11-14 22:24:11
Valores ausentes.md,,,,24,0,2024-12-06 17:06:19
Window functions.md,,,,24,0,2024-12-26 21:17:01
",agg.md",,,,24,0,2024-12-28 20:37:09
",apply.md",,,,24,0,2024-12-28 16:07:52
",astype.md",,,,24,0,2024-12-22 00:10:04
",columns.md",,,,24,0,2024-12-28 22:59:59
",concat.md",,,,24,0,2024-12-28 23:23:37
",corr.md",,,,24,0,2024-12-18 20:05:39
",describe.md",,,,24,0,2024-12-05 19:16:43
",drop.md",,,,24,0,2024-12-29 19:47:45
",dropna.md",,,,24,0,2024-11-22 00:49:17
",drop_duplicates.md",,,,24,0,2024-11-25 17:24:09
",dt.md",,,,24,0,2024-12-27 18:37:26
",dtypes.md",,,,24,0,2024-12-22 00:09:57
",duplicated.md",,,,24,0,2024-12-06 17:09:20
",fillna.md",,,,24,0,2024-12-14 20:08:53
",groupby.md",,,,24,0,2024-11-24 17:11:40
",head.md",,,,24,0,2024-11-22 20:07:01
",iloc.md",,,,24,0,2024-12-13 20:23:39
",index.md",,,,24,0,2024-12-22 00:02:34
",info.md",,,,24,0,2024-11-21 23:41:46
",isin.md",,,,24,0,2024-12-13 23:13:58
",isna ou isnull.md",,,,26,0,2024-11-21 23:41:46
",loc.md",,,,24,0,2024-11-18 00:24:05
",merge.md",,,,24,0,2024-12-29 00:16:58
",nan.md",,,,24,0,2024-12-27 21:09:19
",nunique.md",,,,24,0,2024-11-23 00:23:30
",pivot_table.md",,,,24,0,2024-12-28 20:46:23
",query.md",,,,24,0,2024-12-13 23:19:36
",read_csv.md",,,,24,0,2024-12-05 23:04:53
",read_excel.md",,,,24,0,2024-11-29 20:54:40
",rename.md",,,,24,0,2024-11-25 16:06:21
",reset_index.md",,,,24,0,2024-11-24 16:44:48
",sample.md",,,,24,0,2024-11-30 00:48:46
",Series.md",,,,24,0,2024-12-12 23:55:40
",set_index.md",,,,24,0,2024-12-13 21:19:14
",shape.md",,,,24,0,2024-11-14 23:56:09
",sort_index.md",,,,24,0,2024-12-05 19:56:37
",sort_values.md",,,,24,0,2024-11-24 17:59:21
",tail.md",,,,24,0,2024-11-29 21:53:03
",to_datetime.md",,,,24,0,2024-12-27 16:46:02
",to_numeric.md",,,,24,0,2024-12-22 00:10:00
",tz_convert() e ,tz_localize().md",,,,26,0,2024-12-27 18:07:21
",unique.md",,,,24,0,2024-12-13 23:09:24
",value_count or nunique or duplicates.md",,,,28,0,2024-12-14 20:42:15
",value_counts.md",,,,24,0,2024-12-22 00:09:53
",where.md",,,,24,0,2024-12-14 18:30:06
axis=.md,,,,24,0,2024-11-22 00:48:26
Comandos.md,,,,24,0,2024-11-20 18:04:05
filtragem simples.md,,,,25,0,2024-12-14 20:22:27
index=.md,,,,24,0,2024-12-13 00:05:52
inplace=.md,,,,24,0,2024-11-22 00:38:47
Normalizar nomes de colunas.md,,,,27,0,2024-11-20 20:16:35
Sem t√≠tulo.md,,,,25,0,2024-12-27 21:10:33
subset=.md,,,,24,0,2024-11-22 00:55:42
~.md,,,,23,0,2024-12-05 20:32:21
An√°lise de dados.md,,,,24,0,2024-09-12 00:14:43
An√°lise descritiva ou explorat√≥ria.md,,,,25,0,2024-09-12 00:15:37
An√°lise diagn√≥stica.md,,,,23,0,2024-09-12 00:15:48
An√°lise Estat√≠stica.md,,,,23,0,2024-09-04 21:48:45
An√°lise Explanat√≥ria.md,,,,23,0,2024-11-29 19:41:47
An√°lise preditiva.md,,,,23,0,2024-10-28 23:50:41
An√°lise prescritiva.md,,,,23,0,2024-09-12 00:14:48
Aprendizado de m√°quina.md,,,,24,0,2024-08-25 20:56:05
Coleta de dados.md,,,,24,0,2024-08-25 19:37:40
Conceitos-chave de dados.md,,,,25,0,2024-10-28 23:50:41
Estat√≠stica Descritiva.md,,,,23,0,2024-09-03 23:31:31
Excel.md,,,,22,0,2024-09-05 21:21:51
Explora√ß√£o.md,,,,22,0,2024-08-25 19:39:33
Indrodu√ß√£o.md,,,,22,0,2024-09-12 00:24:02
Insights.md,,,,22,0,2024-09-12 00:14:45
Limpeza de dados.md,,,,24,0,2024-08-25 19:38:33
Mediana.md,,,,22,0,2024-09-12 00:19:18
Medidas de Tend√™ncia Central.md,,,,25,0,2024-09-12 00:17:26
Medidas.md,,,,22,0,2024-09-12 00:21:40
Moda.md,,,,22,0,2024-09-12 00:16:32
M√©dia.md,,,,22,0,2024-09-12 00:18:31
Padr√µes & Tend√™ncias & Rela√ß√µes.md,,,,24,0,2024-09-12 00:21:55
Sem t√≠tulo.md,,,,23,0,2024-08-28 23:01:55
Tipos de vari√°veis.md,,,,24,0,2024-09-03 22:21:55
Vari√°veis discretas.md,,,,23,0,2024-09-12 00:19:40
Vari√°veis ‚Äã‚ÄãCont√≠nuas.md,,,,23,0,2024-09-12 00:24:09
Vari√°veis ‚Äã‚ÄãNominais.md,,,,23,0,2024-09-03 22:23:21
Vari√°veis ‚Äã‚ÄãOrdinais.md,,,,23,0,2024-09-03 22:23:37
Vari√°veis ‚Äã‚ÄãQualitativas (ou Categ√≥ricas).md,,,,25,0,2024-09-03 22:21:47
Vari√°veis ‚Äã‚ÄãQuantitativas.md,,,,23,0,2024-09-12 00:19:34
Visualiza√ß√£o de dados.md,,,,24,0,2024-08-25 19:53:00
Comandos.md,,,,23,0,2024-08-22 20:29:47
'backticks'.md,,,,22,0,2024-10-09 23:56:50
Campos.md,,,,22,0,2024-09-16 00:40:14
Dados caracteres e strings.md,,,,25,0,2024-09-13 20:35:08
Dados Diversos.md,,,,23,0,2024-09-12 00:19:26
Dados sequ√™ncia de Unicode.md,,,,25,0,2024-09-23 21:08:58
"Diferen√ßas DML,DDL e DCL.md",,,,26,0,2024-09-12 17:56:04
Different Types.md,,,,23,0,2024-09-21 21:25:42
Erro code 1175.md,,,,24,0,2024-09-16 14:26:31
Geral.md,,,,22,0,2024-09-12 00:22:02
Linguagem de Controle de Dados (DCL).md,,,,27,0,2024-09-12 00:23:42
Linguagem de Defini√ß√£o de Dados (DDL).md,,,,27,0,2024-09-12 00:16:24
Linguagem de Manipula√ß√£o de Dados (DML).md,,,,27,0,2024-09-16 21:18:04
Otimizar as consultas SQL.md,,,,25,0,2024-09-26 23:09:10
Projetos.md,,,,22,0,2024-08-31 01:14:26
Qualificador de escopo.md,,,,24,0,2024-10-10 00:04:13
Queries.md,,,,22,0,2024-09-12 00:21:47
RDBMS.md,,,,22,0,2024-09-12 00:14:09
SCHEMA.md,,,,22,0,2024-10-09 23:49:15
Sintaxe SQL.md,,,,23,0,2024-09-16 21:07:39
SQL vx NoSQL.md,,,,24,0,2024-09-26 23:42:23
SQL.md,,,,22,0,2024-09-12 00:14:15
SSMS.md,,,,22,0,2024-09-28 20:42:46
Subquereies Aninhadas.md,,,,23,0,2024-09-21 21:26:08
Subquereies Correlacionadas.md,,,,23,0,2024-09-21 21:25:12
Subqueries.md,,,,22,0,2024-09-21 21:25:51
Tipos de dados SQL.md,,,,25,0,2024-09-12 00:21:32
Unicode.md,,,,22,0,2024-09-12 00:15:04
√Årvore balanceada.md,,,,23,0,2024-09-26 20:59:11
Coisas para juntar.md,,,,25,0,2024-10-23 22:36:39
ABS.md,,,,23,0,2024-10-23 01:06:45
ADD.md,,,,23,0,2024-09-15 23:34:25
ALTER.md,,,,23,0,2024-09-13 20:44:35
AND.md,,,,23,0,2024-09-17 19:04:11
AS.md,,,,23,0,2024-09-19 20:17:36
ASC.md,,,,23,0,2024-09-16 21:20:02
asterisco.md,,,,23,0,2024-09-13 20:50:45
BETWEEN.md,,,,23,0,2024-09-19 19:50:49
CASE.md,,,,23,0,2024-10-23 00:33:54
CEILING.md,,,,23,0,2024-09-23 21:17:08
CHECK.md,,,,23,0,2024-09-20 23:08:25
COALESCE.md,,,,23,0,2024-09-25 14:24:11
CONCAT.md,,,,23,0,2024-10-12 20:54:55
Consultas Agregadas.md,,,,24,0,2024-09-20 23:10:42
COUNT().md,,,,23,0,2024-09-18 21:00:02
COUNT.md,,,,23,0,2024-09-16 01:25:55
CREATE INDEX.md,,,,24,0,2024-09-21 00:35:49
CREATE TEMPORARY TABLE.md,,,,25,0,2024-10-03 00:33:20
CREATE VIEW.md,,,,24,0,2024-09-28 21:42:21
CREATE.md,,,,23,0,2024-09-21 20:37:39
CROSS JOIN.md,,,,24,0,2024-09-21 20:13:39
CRUD.md,,,,23,0,2024-09-16 21:18:04
DATE.md,,,,23,0,2024-09-24 19:38:28
DATEADD.md,,,,23,0,2024-09-23 21:13:37
DATEPART.md,,,,23,0,2024-09-23 21:11:24
DEFAULT.md,,,,23,0,2024-09-21 00:03:30
DELETE ou DROP VIEW.md,,,,26,0,2024-09-25 21:26:12
DELETE.md,,,,23,0,2024-10-20 00:56:29
DESC.md,,,,23,0,2024-09-16 21:20:21
DISTINCT.md,,,,23,0,2024-10-10 23:59:36
DOD.md,,,,23,0,2024-10-02 15:30:26
DROP VIEW.md,,,,24,0,2024-09-25 21:21:55
DROP.md,,,,23,0,2024-09-13 20:42:37
FLOOR.md,,,,23,0,2024-09-23 22:29:47
FOREIGN KEY.md,,,,24,0,2024-10-12 23:34:26
FULL (OUTER) JOIN.md,,,,25,0,2024-09-20 19:10:59
Fun√ß√µes avan√ßadas.md,,,,24,0,2024-10-15 21:07:58
Fun√ß√µes de agrega√ß√£o SQL.md,,,,26,0,2024-09-18 20:29:24
GROUP BY.md,,,,24,0,2024-10-14 23:42:10
HAVING.md,,,,23,0,2024-10-14 23:37:25
IN.md,,,,23,0,2024-09-16 21:03:51
INSERT INTO.md,,,,24,0,2024-09-17 20:09:18
INTO.md,,,,23,0,2024-09-16 21:18:04
IS NULL.md,,,,24,0,2024-09-18 00:00:20
JOIN.md,,,,23,0,2024-09-21 20:26:33
LEFT (OUTER) JOIN.md,,,,25,0,2024-09-19 23:23:19
LENGTH.md,,,,23,0,2024-09-23 20:26:07
LIKE.md,,,,23,0,2024-09-18 22:31:35
LIMIT.md,,,,23,0,2024-09-18 20:20:30
LOWER.md,,,,23,0,2024-09-23 20:30:21
MAX().md,,,,23,0,2024-10-19 01:35:24
MOD.md,,,,23,0,2024-09-23 22:38:01
Nomal x temporary x view x Select.md,,,,29,0,2024-10-09 01:37:21
NOT NULL.md,,,,24,0,2024-09-20 23:06:15
NOT.md,,,,23,0,2024-09-19 19:44:35
NULLIF.md,,,,23,0,2024-09-24 19:06:09
Operadores do LIKE.md,,,,25,0,2024-09-19 19:41:35
Operadores no SQL.md,,,,25,0,2024-09-19 19:51:17
OR.md,,,,23,0,2024-09-17 19:11:25
ORDER BY.md,,,,24,0,2024-09-16 21:28:55
Par√™nteses.md,,,,23,0,2024-09-17 19:55:27
Prefixos SQL.md,,,,24,0,2024-09-19 20:33:54
PRIMARY KEY.md,,,,24,0,2024-09-15 21:38:10
REFERENCES.md,,,,23,0,2024-09-16 00:16:42
REPLACE VIEW.md,,,,24,0,2024-09-25 21:19:07
REPLACE.md,,,,23,0,2024-09-23 20:28:53
Restri√ß√µes SQL.md,,,,24,0,2024-09-20 23:57:06
RIGHT (OUTER) JOIN.md,,,,25,0,2024-09-19 23:23:40
ROUND.md,,,,23,0,2024-10-11 00:30:05
SELECT TOP.md,,,,24,0,2024-09-18 00:08:13
SELECT.md,,,,23,0,2024-09-20 23:00:24
SELF JOIN.md,,,,24,0,2024-09-20 19:27:48
Sem t√≠tulo.md,,,,24,0,2024-09-15 23:32:15
SET.md,,,,23,0,2024-09-15 20:56:03
SUBSTRING.md,,,,23,0,2024-09-23 20:21:51
TIME.md,,,,23,0,2024-09-23 21:04:29
TIMESTAMP.md,,,,23,0,2024-09-23 21:07:45
UNION.md,,,,23,0,2024-10-16 23:59:16
UNIQUE.md,,,,23,0,2024-09-21 00:01:48
UPDATE.md,,,,23,0,2024-09-15 21:25:51
UPPER.md,,,,23,0,2024-10-11 00:29:43
USE.md,,,,23,0,2024-09-15 20:52:44
VARCHAR.md,,,,23,0,2024-09-16 00:05:19
VIEW.md,,,,23,0,2024-09-25 21:10:25
WHERE.md,,,,23,0,2024-09-16 21:02:53
√çNDICES.md,,,,23,0,2024-09-26 21:12:17
Planejamento.md,,,,23,0,2024-10-02 23:58:42
Career Content.md,,,,23,0,2024-11-28 17:11:32
Perguntas.md,,,,22,0,2024-12-29 22:58:13
progeto 3.md,,,,23,0,2024-12-15 16:29:00
Sem t√≠tulo.md,,,,23,0,2024-12-12 19:32:33
T√©cnicas de estudo.md,,,,24,0,2024-12-07 00:23:04
Introdu√ß√£o √° EDA e DATAVIZ.md,,,,27,0,2024-12-03 20:18:58
Networking Como Criar uma Rede de Contatos Profissionais.md,,,,27,0,2024-09-18 23:32:45
0 Quero ler.md,,,,23,0,2024-12-20 23:25:02
4 tipos de an√°lise de dados para criar estrat√©gias certeiras.md,,,,30,0,2024-11-21 21:22:08
43 conjuntos de dados gratuitos para construir um portf√≥lio irresist√≠vel.md,,,,30,0,2024-11-21 22:56:03
Como criar seu portf√≥lio de Data Scientist e divulgar seus trabalhos.md,,,,31,0,2024-11-20 21:36:19
Data - career transition.md,,,,23,0,2024-11-17 23:57:46
Data sience para Neg√≥cios.md,,,,24,0,2024-10-28 23:04:24
Eletr√¥nica B√°sica.md,,,,22,0,2024-07-10 14:02:38
Livros para eletr√¥nica.md,,,,23,0,2024-04-19 23:32:15
O mundo assombrado pelos demonio.md,,,,25,0,2024-10-28 16:33:12
O poder do h√°bito.md,,,,24,0,2024-10-28 16:23:02
O teste da m√£e.md,,,,24,0,2024-12-10 01:26:33
Rapido e Devagar 2 formas de pensar.md,,,,27,0,2024-01-27 11:30:00
Storytelling com dados.md,,,,23,0,2024-09-30 15:31:36
Voice in.md,,,,21,0,2024-08-05 21:43:05
+Dinheiro.md,,,,20,0,2024-07-14 01:27:38
efeito florida.md,,,,21,0,2023-11-27 11:27:02
efeito Lady Macbeth.md,,,,22,0,2023-11-28 11:28:24
N√≠veis.md,,,,20,0,2024-05-20 00:59:39
Aninha.md,,,,20,0,2024-11-12 01:41:08
Esther.md,,,,20,0,2023-10-10 13:00:52
Luck.md,,,,20,0,2023-10-12 12:17:43
Naom√≠.md,,,,20,0,2023-10-12 12:15:53
Ken.md,,,,21,0,2024-09-19 01:14:01
TOP.md,,,,21,0,2024-09-19 00:25:42
Chatpdf.md,,,,20,0,2024-04-29 11:07:59
Cor invertida.md,,,,21,0,2024-04-29 00:42:10
Everycircuit.md,,,,20,0,2024-04-29 00:02:24
Ferramentas para design de circuitos eletr√¥nicos.md,,,,25,0,2024-04-29 00:34:48
intervals.icu.md,,,,21,0,2024-04-29 00:21:33
Paperzonevn.md,,,,20,0,2024-04-29 00:57:07
perplexity.md,,,,20,0,2024-08-05 21:37:01
Playgraund.md,,,,20,0,2024-08-05 02:04:11
Scispace.md,,,,20,0,2024-05-02 10:54:56
Sites para pesquisar artigos.md,,,,23,0,2024-04-28 23:47:44
Status invest.md,,,,21,0,2024-04-29 00:15:46
Suno.io.md,,,,21,0,2024-04-29 00:03:56
tempo.com.md,,,,21,0,2024-04-29 00:36:29
Video highlight.md,,,,21,0,2024-04-29 11:06:23
D Cientista de Dados financeiro.md,,,,25,0,2024-09-29 00:01:27
87 DICAS OBSIDIAN Do Iniciante ao Avan√ßado  Tutorial Obsidian.md,,,,28,0,2024-04-29 11:00:02
A arte e a ci√™ncia de MEMORIZAR qualquer coisa.md,,,,28,0,2024-08-17 19:27:21
A F√≠sica da Neuroci√™ncias.md,,,,23,0,2024-06-08 19:17:01
A MELHOR FORMA DE CHEGAR EM QUEM VOC√ä T√Å A FIM Marcos Lacerda psic√≥logo.md,,,,33,0,2024-05-23 02:02:30
Adeus verbo to be.md,,,,23,0,2024-12-03 23:41:17
Anota√ß√µes escritas ou digitadas.md,,,,23,0,2024-11-15 16:55:34
APRENDA INGL√äS SOZINHO e de GRAcA.md,,,,25,0,2024-11-15 17:03:33
APRENDA INGL√äS SOZINHO e de GRA√áA.md,,,,25,0,2024-08-21 00:24:53
Como e quais componentes guardar de sucata.md,,,,26,0,2024-05-05 00:33:05
COMO ESTUDAR POR PDF USANDO INTELIG√äNCIA ARTIFICIAL - UPDF.md,,,,27,0,2024-05-04 00:45:36
Como ganhar DINHEIRO ONLINE (fazendo freelance).md,,,,25,0,2024-07-26 12:18:23
"Como Magnetizar e Desmagnetizar ferramentas de forma CORRETA, com um pequeno dispositivo!üß≤.md",,,,31,0,2024-04-27 00:26:51
Curso de Minera√ß√£o de Senten√ßas.md,,,,24,0,2024-11-28 21:44:05
Engenharia de prompt.md,,,,22,0,2024-05-07 19:35:25
Equipamentos & Ferramentas - Software para Controle de Componentes Eletr√¥nicos ‚Äúcom algo a mais‚Äù.md,,,,31,0,2024-05-05 23:57:52
Evid√™ncia suprimida (Cherry picking).md,,,,23,0,2024-05-03 11:27:29
Fazemos algo surreal ao falar portugu√™s!.md,,,,25,0,2024-04-28 22:53:19
From Paper to Bionics Origami's Incredible Impact on Science  FD Engineering.md,,,,31,0,2024-04-30 12:53:51
Github com Alexandre.md,,,,22,0,2024-12-10 21:27:58
M√©todo SQ3R.md,,,,21,0,2024-08-18 00:45:19
Por que comemos sempre a mesma coisa.md,,,,26,0,2024-03-06 00:51:09
Por que pessoas BURRAS se acham INTELIGENTES.md,,,,26,0,2024-04-09 01:01:06
Qual √© a VELOCIDADE da ELETRICIDADE.md,,,,25,0,2024-04-24 00:22:15
Trans√≠stor Explicado - Como funcionam os trans√≠stores.md,,,,25,0,2024-09-12 20:53:29
Zettelkasten.md,,,,20,0,2024-04-07 23:09:29
Concertei exten√ß√£o.md,,,,22,0,2024-04-24 17:30:13
Concertei minha lanterna.md,,,,23,0,2024-04-24 18:52:52
Concertei teclado.md,,,,22,0,2024-05-01 16:33:37
Fiz fios jacar√©s.md,,,,23,0,2024-04-24 19:00:35
Melhorei os estiletes..md,,,,23,0,2024-04-24 17:31:08
Pasta para soldar.md,,,,23,0,2024-04-24 17:30:56
Pegador de acerolas.md,,,,23,0,2024-04-24 19:01:21
Planos para Lumin√°ria.md,,,,23,0,2024-05-07 21:04:12
Avalia qual ou quais compreess√µes.md,,,,25,0,2024-08-23 21:22:49
Avaliador de livros.md,,,,23,0,2024-09-03 01:39:36
A√ß√µes.md,,,,21,0,2024-07-17 01:19:15
Corretor de reda√ß√µes e plotador de erros.md,,,,27,0,2024-11-10 17:38:02
Criador de palavras que faltam.md,,,,25,0,2024-08-29 17:47:21
Detector de circuitos.md,,,,23,0,2024-05-30 00:56:59
Excel para controle de estoque.md,,,,25,0,2024-05-05 23:59:47
Gerador de diagrama crochet.md,,,,24,0,2024-09-04 01:14:00
Gr√°ficos para csv.md,,,,23,0,2024-08-19 18:47:13
Hipoteses.md,,,,21,0,2024-11-24 23:08:42
Livro = astronauta na terra.md,,,,24,0,2024-07-29 00:51:59
Livro = Beleza.md,,,,22,0,2024-07-29 01:58:18
Medidor de peso com a varia√ß√£o da capacitancia..md,,,,28,0,2024-05-12 00:48:54
Multpesquisador.md,,,,21,0,2024-08-10 10:55:38
Ordenador de word.md,,,,23,0,2024-08-30 01:59:15
Ponteira heat pipe.md,,,,23,0,2024-04-24 23:15:55
Previs√£o de demanda para cadeias de suprimentos.md,,,,27,0,2024-08-19 19:26:59
Transformar celular em um arduino..md,,,,25,0,2024-05-12 00:46:19
Trayler.md,,,,21,0,2024-06-15 01:31:53
Emo√ß√£o.md,,,,21,0,2024-11-26 16:55:26
RPD.md,,,,21,0,2024-11-26 16:57:16
Estudo.md,,,,20,0,2024-09-20 19:25:10
Nota diaria.md,,,,21,0,2023-09-27 20:21:44
Pessoas.md,,,,20,0,2023-09-27 21:19:11
pret.md,,,,20,0,2024-09-19 00:29:40
Sites.md,,,,20,0,2024-04-28 23:20:18
V√≠deo.md,,,,20,0,2024-04-28 23:19:33
Drawing 2024-09-04 00.54.48.excalidraw.md,,,,25,0,2024-09-04 20:58:49
